color,size_cm,weight_g,sweetness,fruit
purple,19.25,402.92,4.3,Orange
violet,9.98,268.2,1.7,Plum
indigo,22.58,495.3,10.46,Orange
violet,16.06,357.9,7.52,Plum
indigo,5.77,170.12,1.11,Grape
violet,6.16,159.51,1.3,Plum
indigo,18.25,617.36,3.75,Orange
purple,6.8,168.55,-0.82,Plum
violet,14.16,437.44,4.07,Plum
purple,24.82,668.07,5.95,Orange
violet,3.09,92.39,0.8,Grape
violet,3.36,97.42,-1.39,Grape
indigo,24.85,673.23,6.31,Orange
indigo,15.86,543.22,4.98,Plum
purple,5.79,145.56,2.29,Plum
violet,22.74,515.26,7.45,Orange
violet,22.37,674.93,4.73,Orange
purple,14.8,483.81,5.72,Plum
purple,16.68,343.67,3.8,Plum
purple,9.01,240.97,3.65,Orange
violet,4.11,137.22,1.22,Grape
purple,16.08,502.41,2.76,Plum
indigo,9.48,330.64,2.37,Apple
purple,17.6,492.29,5.83,Plum
indigo,21.4,639.86,7.34,Orange
purple,3.4,83.43,0.81,Grape
violet,16.11,551.17,7.13,Plum
purple,8.09,206.25,3.94,Apple
violet,22.23,690.86,6.28,Orange
indigo,8.58,223.48,3.7,Apple
indigo,16.44,467.34,7.83,Plum
indigo,15.18,467.49,7.49,Plum
purple,11.72,323.87,1.67,Orange
purple,17.91,601.89,3.98,Plum
purple,18.97,498.71,7.92,Orange
purple,15.47,459.55,3.05,Plum
violet,19.69,494.92,3.92,Orange
violet,24.64,643.65,6.66,Orange
violet,12.22,325.06,4.3,Plum
indigo,14.32,313.42,4.14,Plum
violet,3.27,69.9,0.01,Grape
indigo,20.51,615.55,5.14,Orange
purple,14.45,431.08,3.27,Plum
purple,11.98,358.72,2.27,Grape
violet,5.07,102.9,4.94,Apple
indigo,22.57,561.95,7.22,Orange
purple,11.69,268.49,4.84,Grape
violet,18.02,570.73,4.67,Orange
violet,6.29,207.0,1.61,Plum
purple,24.15,572.36,6.17,Orange
purple,6.93,208.02,-1.9,Apple
indigo,7.39,162.14,0.15,Apple
violet,21.9,528.39,3.85,Orange
purple,23.08,509.6,3.55,Orange
indigo,7.67,186.02,0.51,Orange
purple,13.34,401.81,5.99,Plum
indigo,19.14,644.15,5.68,Orange
purple,22.32,514.2,8.63,Orange
violet,11.34,319.01,4.02,Orange
purple,14.37,438.58,5.48,Plum
purple,19.32,662.56,4.44,Orange
indigo,19.08,556.2,6.51,Orange
purple,20.23,482.01,7.16,Orange
purple,15.54,456.6,3.8,Plum
purple,5.3,131.48,2.43,Apple
violet,22.89,792.95,7.72,Orange
indigo,22.04,572.93,5.79,Orange
indigo,20.56,622.59,4.48,Orange
purple,5.2,105.81,-0.22,Orange
purple,7.5,195.01,2.38,Orange
purple,19.36,641.33,6.3,Orange
violet,3.51,102.33,-0.14,Grape
indigo,24.54,654.22,7.4,Orange
violet,11.3,384.64,4.25,Orange
violet,18.82,617.48,6.57,Orange
purple,22.53,559.49,9.09,Orange
indigo,11.68,329.0,5.42,Apple
purple,10.02,274.02,1.5,Orange
purple,16.39,483.23,7.44,Plum
purple,15.78,394.68,3.94,Plum
purple,12.0,283.96,5.17,Plum
purple,16.24,547.13,4.97,Plum
purple,23.58,798.37,6.46,Orange
purple,13.29,433.92,1.28,Plum
violet,7.33,254.15,1.94,Orange
purple,11.3,352.28,1.05,Apple
purple,11.67,367.25,4.95,Plum
indigo,5.88,184.86,4.04,Grape
violet,6.58,179.04,0.78,Grape
violet,18.06,484.85,5.87,Orange
purple,10.47,247.13,2.05,Grape
indigo,24.01,712.43,6.26,Orange
purple,8.36,203.48,3.67,Grape
purple,5.18,123.63,1.5,Orange
indigo,19.58,563.7,8.48,Orange
violet,22.38,585.23,5.99,Orange
violet,9.12,212.34,4.24,Plum
violet,7.45,240.19,2.38,Orange
violet,7.09,233.32,3.32,Orange
purple,14.48,326.02,3.67,Plum
purple,13.31,267.7,3.92,Plum
purple,8.71,218.12,2.44,Grape
purple,3.99,127.53,-0.06,Grape
indigo,13.59,442.87,5.07,Plum
purple,24.11,532.23,8.21,Orange
violet,17.36,548.84,6.1,Plum
violet,13.9,302.12,6.48,Plum
violet,5.44,140.63,3.81,Grape
purple,8.55,299.07,2.0,Grape
purple,9.49,217.22,3.41,Plum
indigo,19.83,442.4,5.01,Orange
violet,22.29,587.16,6.72,Orange
indigo,22.84,669.1,5.95,Orange
indigo,24.66,838.28,9.83,Orange
violet,24.61,854.27,7.93,Orange
purple,23.97,504.44,6.86,Orange
violet,4.58,101.08,3.16,Grape
purple,6.03,192.12,-1.45,Plum
violet,9.7,233.38,-0.11,Grape
indigo,15.16,504.41,5.74,Plum
violet,5.13,153.65,1.63,Apple
purple,21.61,468.45,6.86,Orange
purple,16.57,538.33,2.98,Plum
indigo,14.93,338.1,4.44,Plum
purple,6.64,174.98,5.0,Apple
purple,8.57,242.38,3.81,Orange
purple,6.53,179.65,2.21,Apple
purple,21.74,658.56,5.86,Orange
purple,15.85,472.18,4.16,Plum
violet,19.17,668.66,2.56,Orange
purple,9.51,332.77,3.24,Orange
purple,11.17,309.93,4.62,Grape
purple,11.91,255.21,1.21,Grape
purple,19.72,609.7,4.92,Orange
purple,19.99,692.65,4.26,Orange
violet,7.55,187.05,0.82,Plum
purple,23.71,638.23,7.19,Orange
purple,5.65,149.0,-1.43,Orange
purple,22.71,471.72,7.73,Orange
purple,5.21,156.74,2.69,Orange
purple,8.82,223.15,2.27,Orange
purple,21.62,687.77,2.76,Orange
indigo,6.95,225.75,0.59,Grape
purple,12.1,391.05,5.48,Plum
violet,12.9,338.62,-0.3,Plum
purple,8.4,208.51,2.0,Apple
purple,18.63,581.86,3.82,Orange
purple,21.73,695.81,7.73,Orange
violet,22.24,608.68,5.66,Orange
indigo,10.47,349.65,3.75,Apple
purple,14.68,325.29,5.25,Plum
purple,8.46,280.75,5.29,Plum
purple,8.39,179.89,2.21,Orange
purple,6.55,146.08,2.53,Grape
violet,23.68,663.22,4.88,Orange
purple,22.54,473.63,8.55,Orange
purple,20.1,417.92,4.89,Orange
indigo,14.39,287.91,3.48,Plum
purple,13.79,366.05,4.1,Plum
purple,14.65,463.22,2.05,Plum
violet,14.8,303.73,4.78,Plum
purple,12.56,374.09,5.22,Plum
purple,5.9,190.85,2.21,Apple
purple,5.76,129.72,-0.66,Orange
indigo,23.95,531.76,7.0,Orange
purple,13.6,447.6,5.19,Plum
purple,23.97,775.35,4.37,Orange
purple,6.6,185.36,0.37,Orange
purple,15.2,490.78,5.87,Plum
violet,7.57,161.93,2.68,Apple
purple,8.57,222.11,3.19,Apple
violet,3.66,113.71,3.89,Grape
violet,5.62,134.1,2.39,Plum
indigo,23.17,724.87,7.94,Orange
purple,10.07,277.56,7.09,Plum
indigo,16.38,511.94,4.59,Plum
violet,13.23,356.82,2.77,Plum
purple,11.81,301.37,4.18,Orange
violet,14.7,342.33,5.07,Plum
indigo,7.12,164.65,1.35,Grape
purple,24.75,773.99,5.88,Orange
indigo,21.0,457.46,9.76,Orange
purple,19.32,411.32,6.29,Orange
violet,13.31,301.4,2.89,Plum
indigo,6.36,143.93,3.28,Apple
purple,23.25,752.06,6.81,Orange
indigo,10.51,273.02,2.77,Apple
purple,4.1,142.91,2.07,Grape
violet,10.53,232.27,1.22,Orange
violet,20.48,610.37,6.67,Orange
purple,16.7,446.41,7.88,Plum
purple,19.52,505.45,6.56,Orange
purple,20.46,677.76,5.57,Orange
purple,7.66,265.3,1.54,Plum
purple,23.32,771.73,6.38,Orange
purple,12.64,289.26,3.41,Plum
purple,17.06,397.7,4.55,Plum
purple,3.05,91.02,2.29,Grape
violet,24.85,604.76,4.86,Orange
violet,9.18,284.77,4.05,Apple
