x1,x2,label
1.644,1.664,0
-0.367,2.831,1
2.152,0.004,0
1.184,-2.137,0
-2.435,-2.916,0
2.854,-1.622,0
1.567,-2.209,0
1.716,1.066,0
-2.231,-2.269,0
-0.298,0.038,1
-0.775,1.166,1
2.561,0.487,0
0.863,-1.801,0
1.937,1.825,0
-0.34,1.292,1
-1.637,1.434,0
0.328,-2.214,0
-2.617,-2.257,0
1.966,2.565,0
0.79,-0.615,0
1.549,-1.194,0
-0.873,-0.068,1
2.824,0.977,0
2.359,2.734,0
1.67,-1.281,0
-1.832,2.549,1
-0.2,-2.851,0
-2.737,0.331,0
-2.074,0.804,0
1.098,-2.365,0
1.469,-2.158,0
2.805,-0.485,0
-1.045,2.797,1
-0.777,0.576,1
-0.183,2.598,1
-1.863,1.826,0
-2.22,-0.196,0
-0.146,1.709,1
-1.639,-2.893,0
1.019,-2.345,0
-0.377,1.977,1
1.996,1.781,0
1.202,-1.604,0
-1.126,0.185,0
1.994,0.636,0
1.829,2.206,0
-0.675,0.619,1
-1.27,-0.525,0
1.095,-0.755,0
-2.161,-0.445,0
-1.801,0.912,0
-2.956,2.205,0
1.722,-0.277,0
0.989,-1.513,0
1.231,-1.58,0
1.684,1.476,0
-0.247,1.899,1
0.412,-2.368,0
-2.161,-2.601,0
-2.313,0.567,0
1.01,-2.123,0
-0.173,1.948,1
0.391,-1.138,0
1.59,-2.137,0
0.808,2.526,1
0.321,-2.007,0
0.355,-1.292,0
-1.176,-2.078,0
-2.815,-2.307,0
-0.38,-2.873,0
-1.712,-2.668,0
-0.549,-1.952,0
2.12,-2.68,0
-1.596,0.547,0
-2.65,1.084,0
-1.312,-0.638,0
-1.238,-1.092,0
0.971,0.027,1
0.342,2.25,1
1.703,2.107,1
0.986,-2.739,0
-0.562,-1.911,0
1.884,-1.58,0
-1.998,-1.504,0
-2.864,0.427,0
-2.46,-0.502,0
1.334,-2.704,0
-0.229,-0.758,1
-2.032,0.143,0
0.006,-2.39,0
-2.086,2.001,0
1.178,-2.688,0
-0.323,2.549,1
-0.714,-2.405,0
-1.191,2.061,1
0.782,2.416,1
-0.829,2.877,1
-2.474,1.812,0
-2.292,1.677,0
2.771,0.855,0
2.451,1.674,0
1.198,-2.193,0
-1.405,0.216,0
2.815,0.085,0
1.673,2.145,1
1.301,-0.223,0
-0.304,-0.689,1
-1.367,0.837,0
-2.422,-1.401,0
2.416,-2.161,0
-0.265,-0.133,1
-1.786,-0.499,0
-1.164,-1.605,0
0.475,-0.795,0
-1.939,-0.802,0
2.14,-1.035,0
1.551,-0.723,0
1.317,1.114,1
-0.407,-1.219,0
0.764,2.693,1
0.505,2.498,1
0.899,-0.115,1
-2.493,-1.03,0
-0.505,0.213,1
-2.75,2.091,0
-0.036,0.916,1
-1.021,1.826,1
-2.133,0.196,0
-2.38,0.798,0
0.526,-1.271,0
-1.976,1.409,0
2.551,-1.786,0
0.486,1.169,1
-0.919,2.164,1
0.545,-2.207,0
-2.863,0.686,0
2.751,-2.429,0
-0.106,1.354,1
1.696,-2.493,0
-2.504,2.616,0
-0.08,-2.176,0
-0.056,2.753,1
2.627,1.805,0
0.43,0.562,1
-0.159,1.696,1
-1.398,1.771,1
-1.011,2.676,1
0.124,-1.48,0
-0.367,0.54,1
-2.87,-2.43,0
1.958,0.697,0
2.377,-1.972,0
-2.159,0.39,0
0.324,0.435,1
-2.349,-0.204,0
1.033,0.136,1
-1.313,1.584,1
0.957,1.795,1
1.362,-0.047,0
1.612,0.598,0
-2.354,2.587,0
2.496,-2.282,0
-1.619,-2.297,0
-2.776,-2.474,0
0.329,0.947,1
-0.774,-0.488,0
1.979,1.646,0
1.85,1.027,0
-1.097,-0.998,0
2.717,2.39,0
-1.254,1.575,1
0.09,-1.377,0
-1.464,-0.815,0
2.616,-1.113,0
-2.012,-2.054,0
-2.731,-2.113,0
-0.389,2.617,1
2.954,-0.373,0
2.35,-0.7,0
1.492,1.378,1
2.345,0.318,0
2.361,2.617,0
0.113,1.682,1
-1.104,-0.124,0
1.632,-0.742,0
0.97,2.92,1
-0.758,1.307,1
-2.433,2.707,0
1.481,-2.289,0
-1.425,2.103,1
2.621,0.822,0
-1.554,-2.268,0
-2.263,0.53,0
1.987,1.117,0
-2.08,-2.926,0
-1.924,-0.274,0
0.596,1.952,1
2.247,-1.228,0
-1.821,-0.249,0
-1.138,-0.346,0
