pregnancies,glucose,bloodpressure,skinthickness,insulin,bmi,diabetespedigree,age,outcome
6,129,71,15,202,38.8,0.119,55,1
14,113,70,29,3,17.3,0.33,29,0
10,144,75,11,27,40.1,0.142,55,0
7,53,84,17,18,41.7,0.08,31,1
6,127,81,20,21,29.9,0.491,64,1
10,143,52,4,191,13.8,0.336,32,0
10,75,39,31,50,29.5,0.277,23,0
3,154,81,12,50,31.6,1.603,73,0
7,130,53,16,114,24.9,0.398,59,0
2,107,67,5,13,28.4,0.936,34,0
1,138,55,0,53,42.7,0.08,76,0
11,188,48,17,44,36.7,0.396,48,1
5,125,76,56,72,25.5,0.952,31,0
1,127,79,31,617,20.8,0.411,59,0
0,106,63,19,117,29.7,0.595,45,0
11,94,38,16,40,30.5,0.219,41,0
11,144,63,20,140,35.5,0.08,30,0
16,94,74,28,14,28.3,0.288,63,0
9,122,52,2,2,35.6,0.236,35,1
15,105,72,36,18,45.5,0.948,39,0
14,134,69,30,33,37.7,0.131,68,1
14,130,76,30,57,31.7,1.6,42,1
11,151,71,26,76,30.7,1.491,41,0
2,104,58,20,193,29.5,0.134,80,0
4,111,84,30,57,40.3,0.201,72,0
6,90,68,28,55,27.6,1.062,64,1
8,106,69,14,4,32.3,1.598,52,1
6,131,58,11,2,32.4,0.275,70,1
3,142,64,21,64,28.5,0.182,43,0
13,92,59,43,46,22.4,0.351,33,1
8,146,67,1,146,34.3,0.547,25,0
1,160,90,0,14,31.6,0.15,24,0
14,132,53,22,2,35.5,0.627,48,0
6,176,50,20,47,28.3,0.08,34,0
11,96,87,22,21,40.5,0.08,28,1
7,82,67,23,4,25.9,0.229,29,0
14,66,61,16,103,44.0,0.205,77,0
2,164,82,42,9,19.8,0.178,71,0
13,139,62,0,74,35.0,0.317,55,1
16,118,91,7,26,35.3,0.182,57,1
3,128,78,18,15,26.4,0.1,41,0
7,86,64,0,38,35.0,0.174,78,0
3,193,95,17,129,41.0,1.732,38,0
1,123,62,44,39,16.5,0.249,53,1
5,123,78,20,111,35.5,0.276,28,0
9,141,73,23,10,14.5,0.404,71,0
3,134,85,1,118,25.2,1.925,69,0
11,126,88,10,21,43.4,0.13,37,0
1,96,70,14,90,27.9,0.537,63,1
9,134,60,15,66,23.8,0.592,51,0
3,176,75,39,211,30.6,0.439,54,0
13,160,61,28,39,46.5,0.08,26,0
15,167,94,3,5,19.2,0.531,42,0
14,104,71,23,1,24.6,0.08,34,1
7,90,65,27,140,42.5,0.426,23,0
13,116,72,37,59,45.0,0.632,32,1
7,121,53,43,119,31.3,0.111,56,1
15,152,58,4,21,23.3,0.866,32,0
12,69,84,7,33,46.7,0.08,65,0
14,165,62,1,2,43.2,0.873,22,0
12,115,57,16,260,36.8,0.29,22,1
8,107,76,26,88,26.3,0.115,35,0
14,89,84,34,216,31.7,0.08,43,0
12,70,78,18,24,30.9,1.44,49,0
0,144,81,15,75,34.3,0.08,37,1
6,122,60,22,90,42.2,0.104,52,0
8,81,52,7,30,38.2,0.201,27,0
0,81,88,51,150,24.5,0.455,50,0
11,109,66,0,235,41.6,0.37,48,0
7,170,66,22,172,34.2,0.08,34,1
10,112,85,50,107,36.8,0.161,64,0
16,74,76,20,25,42.3,0.128,50,1
7,112,75,17,26,24.2,0.113,37,1
2,111,95,14,264,31.7,0.249,52,0
2,39,62,17,0,28.3,0.572,66,1
0,118,81,40,100,21.0,0.115,26,0
4,113,70,0,98,34.4,0.215,71,0
9,140,73,43,77,49.6,0.233,44,1
6,175,88,0,369,19.1,1.762,26,0
8,153,76,16,29,31.8,1.454,47,0
6,111,76,13,33,36.5,0.757,38,0
8,86,82,28,6,32.9,0.13,44,1
7,197,65,0,46,31.2,0.08,57,0
11,121,59,26,24,22.9,0.179,76,0
1,120,57,50,33,33.6,0.146,44,0
0,119,46,0,143,26.7,0.331,58,1
15,125,94,22,219,16.7,0.707,54,1
4,115,56,10,16,40.4,0.918,60,0
2,102,67,26,37,38.7,0.876,67,1
11,103,66,20,211,32.4,0.21,35,0
7,119,73,10,5,33.6,0.546,31,0
2,103,79,27,7,39.5,0.176,42,1
0,98,80,47,14,33.6,0.08,74,1
2,123,63,17,72,38.3,0.568,44,1
4,112,67,30,13,29.9,0.08,21,1
14,165,73,0,275,41.2,0.247,38,0
13,40,67,5,47,34.2,0.188,64,1
2,152,89,27,55,33.4,0.556,32,0
0,157,75,42,22,23.1,0.683,77,0
4,57,78,25,50,34.0,0.17,63,0
13,109,77,15,86,26.2,0.785,48,0
6,108,84,19,111,27.5,0.164,60,0
8,77,72,1,112,26.3,0.278,80,0
14,96,54,29,68,24.5,0.61,27,0
14,86,74,33,187,46.9,0.555,43,0
9,172,62,13,136,41.3,2.055,41,0
12,148,63,12,113,45.4,0.12,54,0
6,158,77,23,4,23.4,0.51,31,0
16,141,84,13,0,32.5,0.442,42,1
3,86,70,19,19,22.9,1.159,62,1
4,104,73,51,87,27.1,0.08,55,1
6,134,90,16,42,25.6,0.655,72,0
12,83,72,14,41,40.7,0.395,49,1
14,141,101,10,172,29.2,0.151,62,0
10,112,76,31,180,39.5,0.302,48,0
3,108,48,17,191,36.2,0.191,79,0
12,141,79,10,30,48.1,0.407,38,1
6,133,74,39,93,21.6,1.033,34,0
1,109,85,41,25,40.8,0.396,38,0
9,154,78,10,16,40.0,0.469,48,0
12,87,68,0,16,25.2,0.344,44,1
5,138,55,35,33,39.0,0.08,28,0
11,137,67,9,44,34.4,0.125,62,0
11,110,59,31,142,30.4,0.318,74,0
10,129,63,0,10,26.2,0.175,65,0
6,82,77,33,106,27.0,0.094,73,1
0,147,90,1,60,46.3,0.33,28,0
0,114,74,30,27,32.0,0.183,24,1
12,104,55,20,54,37.5,0.14,47,0
8,151,75,5,28,26.5,0.293,56,1
2,98,84,13,72,26.5,0.08,25,0
6,77,62,30,45,39.6,1.235,53,0
5,73,68,21,14,22.6,0.951,69,0
7,138,70,28,9,29.1,0.578,54,0
8,81,60,49,63,32.2,0.08,50,0
4,172,77,0,186,32.8,0.703,28,1
0,57,68,44,33,30.7,0.776,59,0
9,170,75,21,105,34.8,0.686,67,1
11,126,59,6,85,36.8,0.08,46,1
14,117,64,0,214,37.1,0.485,77,0
8,103,78,17,137,25.1,0.845,57,1
16,131,65,33,66,30.0,0.405,54,1
16,118,90,18,85,40.4,0.489,27,0
11,153,65,42,182,38.3,0.288,60,1
6,123,72,0,40,22.4,0.354,48,0
1,124,81,19,31,34.5,0.08,59,0
2,109,52,1,0,18.2,0.479,59,1
16,118,48,25,140,32.3,0.08,48,0
4,129,51,33,129,45.3,0.268,34,0
16,68,85,13,8,25.4,0.163,73,0
16,79,63,0,68,26.2,0.371,70,1
16,142,100,22,49,37.3,0.08,58,1
1,125,63,26,10,21.2,0.553,24,0
1,114,72,26,315,27.6,0.745,62,1
4,120,88,38,19,36.2,0.084,38,1
0,130,94,3,5,27.6,0.08,64,0
0,103,94,30,72,30.3,0.08,68,0
1,96,84,37,107,37.2,0.985,45,1
11,125,82,0,2,35.0,0.353,27,1
5,90,77,24,86,33.9,0.296,58,1
3,132,79,12,60,29.6,0.08,48,0
10,68,63,18,8,34.6,0.493,25,0
16,150,60,25,15,31.1,0.952,23,0
5,134,69,12,67,35.2,0.828,64,0
4,127,67,9,28,28.5,0.462,51,0
1,149,64,20,222,30.7,0.08,67,1
5,169,78,3,136,25.1,0.08,62,0
10,150,81,3,328,31.8,0.08,78,1
15,64,71,30,24,26.3,0.14,40,0
15,81,87,2,279,24.2,0.08,39,0
0,101,56,29,45,33.8,0.142,68,0
8,120,67,26,34,33.5,0.229,80,0
5,135,61,0,4,37.5,1.346,31,0
15,98,47,9,4,29.0,0.443,60,1
2,125,69,37,94,34.9,0.847,23,1
3,97,68,5,48,35.9,0.582,43,0
2,101,88,13,20,35.1,0.08,27,0
6,77,77,26,76,26.2,0.626,43,1
8,92,57,31,23,33.0,0.151,27,0
0,79,92,16,68,34.5,0.479,66,0
7,90,84,11,35,32.1,0.196,54,0
6,151,76,41,138,17.4,2.42,62,1
7,91,67,46,137,33.1,0.144,39,0
0,198,58,34,51,47.5,0.154,78,0
10,134,65,21,34,29.5,1.254,29,1
9,125,83,7,36,26.9,0.08,68,0
2,94,92,7,131,34.6,0.561,71,0
6,141,88,27,31,34.2,0.607,38,0
15,102,64,26,18,40.3,0.851,61,1
15,123,56,41,7,23.2,1.723,68,0
16,196,71,29,50,37.1,1.745,65,1
1,117,48,0,52,36.1,0.08,62,1
0,154,73,35,147,31.0,0.811,45,0
15,98,68,5,20,34.4,0.488,72,1
11,118,64,14,38,39.2,0.49,34,0
4,173,50,23,132,38.1,0.08,64,0
4,101,76,49,138,24.0,0.494,45,0
8,174,63,66,38,37.7,1.901,39,0
8,141,55,29,49,31.5,1.141,59,0
2,103,35,17,28,32.5,0.272,75,0
15,138,69,28,215,32.5,0.08,35,0
15,149,91,33,10,30.9,0.211,36,1
2,138,89,15,217,40.3,0.823,47,0
0,72,64,46,92,31.4,0.568,60,1
10,98,62,23,60,24.2,0.289,30,0
16,112,75,27,2,29.2,0.08,24,0
7,117,58,29,51,33.3,0.262,71,0
3,138,73,26,41,40.6,0.298,39,0
5,125,79,32,14,36.2,1.24,48,0
7,79,84,10,85,26.0,0.482,41,1
2,131,68,11,283,49.4,0.176,79,1
15,138,67,3,66,33.9,0.35,67,1
2,136,59,26,100,40.9,0.08,34,0
13,152,60,31,5,30.9,1.69,53,1
1,145,67,26,43,35.7,0.21,68,0
2,133,74,45,9,37.9,0.305,30,0
15,117,80,19,75,40.5,0.206,39,1
8,70,60,30,223,39.4,0.539,50,0
3,132,87,3,86,38.1,0.51,42,0
0,126,66,14,6,29.8,0.591,23,0
3,128,69,30,35,28.0,0.147,57,0
0,81,61,32,63,34.3,0.178,61,1
13,87,40,15,41,38.5,0.08,38,0
15,151,80,18,143,30.4,0.501,31,1
7,118,78,0,134,39.5,0.08,68,0
6,140,66,14,75,42.2,0.428,22,0
2,120,70,33,37,25.6,0.958,32,0
16,120,76,28,23,26.1,1.041,74,0
0,148,51,27,8,31.0,0.28,26,0
15,104,63,20,35,34.2,0.289,63,1
11,122,79,20,42,28.3,0.08,79,1
13,106,54,10,90,41.5,0.522,60,1
5,106,73,30,85,35.0,0.809,64,1
5,110,53,26,5,32.3,0.132,49,1
12,126,75,27,40,21.9,0.257,79,0
7,105,69,12,16,22.8,0.858,50,1
1,157,50,0,13,34.0,0.985,22,0
0,93,83,36,140,17.1,0.131,29,0
14,114,61,12,3,39.1,0.376,67,0
0,106,60,7,43,30.9,0.1,22,0
4,163,72,30,14,54.7,0.08,49,0
15,125,83,14,169,48.2,1.138,53,1
3,150,57,35,65,30.7,0.807,30,0
2,75,70,29,21,31.3,0.671,54,0
16,128,75,30,55,39.0,0.08,64,0
16,146,78,0,105,43.9,0.872,75,0
11,122,72,38,253,20.5,0.271,28,0
13,151,65,23,19,19.5,0.197,57,0
5,104,60,14,173,27.6,0.372,74,0
2,162,71,22,217,36.1,0.08,80,0
8,188,57,0,198,35.5,0.664,53,1
4,109,34,26,80,39.5,0.41,67,1
16,106,75,4,79,23.6,0.097,26,0
13,163,80,0,41,15.8,0.098,64,0
2,167,41,0,111,38.0,0.096,60,0
0,104,57,36,60,26.2,0.08,65,1
0,107,77,10,90,17.9,0.417,39,0
2,111,94,43,44,33.0,0.862,52,0
9,79,70,11,105,37.6,0.08,47,1
2,92,61,0,139,31.1,0.08,21,0
7,89,67,3,12,28.8,0.4,63,0
13,96,86,38,143,30.9,0.805,72,0
14,118,62,17,62,29.4,0.186,53,1
1,127,60,11,148,22.6,0.202,60,1
9,166,64,22,45,27.0,0.426,52,1
1,90,58,27,38,35.6,0.151,25,0
16,149,71,36,197,34.3,0.08,37,0
7,113,89,41,23,33.2,0.625,28,1
0,118,73,14,148,25.0,0.462,77,1
8,140,66,0,52,30.7,0.409,62,0
10,86,66,13,57,16.8,0.636,54,1
15,131,51,23,29,33.2,0.529,29,0
6,124,80,5,68,42.0,0.108,76,0
9,134,69,5,31,21.7,0.204,43,1
2,128,67,25,3,27.9,0.08,55,0
12,193,108,19,25,34.3,0.08,70,1
6,100,73,20,0,40.8,0.53,27,0
3,104,60,8,306,28.9,0.919,35,0
12,101,64,16,269,27.2,1.546,73,1
0,103,83,6,40,18.2,0.465,74,1
7,100,71,33,104,32.7,0.096,40,0
13,155,52,35,33,46.3,0.08,70,0
15,162,81,0,88,33.9,0.788,45,0
13,102,61,6,130,31.8,0.406,23,0
11,95,92,0,234,34.3,0.453,80,1
14,134,82,10,40,31.9,0.715,75,1
1,103,64,18,122,26.3,0.571,66,0
1,138,85,0,24,37.8,0.845,44,0
16,126,70,6,371,33.6,0.08,54,0
9,74,80,4,2,32.1,0.647,66,1
5,166,75,23,74,25.2,0.894,42,0
14,173,59,21,86,41.1,0.158,31,0
10,101,62,9,93,36.7,0.481,68,0
4,108,82,22,10,28.1,0.177,28,0
0,128,65,11,223,39.0,1.49,59,0
7,130,65,15,15,28.5,0.08,63,0
11,139,58,45,77,26.5,0.407,55,1
11,180,75,40,20,26.7,0.086,69,1
4,114,94,0,29,19.6,0.585,66,1
6,96,57,32,63,35.3,0.091,58,0
3,78,70,32,43,19.2,0.126,28,0
5,98,86,2,13,23.4,0.321,74,0
12,119,69,32,14,17.5,1.158,57,0
14,173,75,43,43,31.4,0.112,47,1
2,104,57,3,113,30.9,0.08,48,0
7,126,75,6,182,29.7,0.669,60,0
15,119,67,35,7,24.7,0.326,54,1
12,155,81,24,39,23.8,1.141,52,1
9,195,84,28,8,35.3,0.08,35,0
16,104,101,25,1,28.1,0.488,64,0
4,105,76,25,86,34.2,0.125,37,0
8,151,73,0,73,25.8,0.08,53,0
11,140,72,35,14,33.3,0.541,67,0
0,175,65,37,21,41.1,0.423,66,0
0,137,74,16,1,36.1,0.661,72,1
14,109,66,19,144,29.1,0.174,74,0
1,137,72,0,294,33.8,0.279,36,0
15,153,85,27,11,30.3,0.244,49,0
7,144,57,28,21,32.1,1.946,29,0
12,135,83,19,162,29.7,0.162,53,1
0,152,85,36,208,30.8,0.164,80,0
15,155,68,14,43,33.5,0.206,69,0
6,161,44,28,4,25.0,0.391,49,0
4,139,62,4,3,24.9,0.137,33,1
2,114,85,19,68,22.3,1.16,41,0
11,124,69,17,39,20.8,0.145,78,1
15,156,58,23,2,23.5,1.063,41,0
4,95,63,14,70,33.1,0.08,25,0
13,131,80,18,0,25.8,0.502,30,0
4,108,76,32,123,35.6,1.116,26,1
14,120,67,13,29,32.2,0.087,76,1
16,158,65,0,3,18.2,1.623,71,0
13,125,65,46,71,36.6,0.283,77,0
4,121,58,40,40,37.7,1.369,33,0
11,79,89,0,291,25.0,0.531,21,0
15,142,66,30,62,34.9,0.169,40,0
15,139,84,12,25,26.0,0.098,77,1
6,184,88,23,98,32.7,0.17,67,1
3,110,81,24,25,23.1,0.08,66,0
0,126,64,16,187,19.4,0.08,28,0
4,127,74,8,37,29.3,0.08,30,1
9,167,69,9,63,31.1,0.258,29,1
4,117,59,6,4,29.2,0.746,69,0
3,128,73,7,44,23.7,0.08,61,0
1,138,55,18,142,29.2,0.08,23,0
9,125,84,9,131,33.9,0.485,31,0
0,106,64,30,20,31.7,0.103,32,0
4,125,72,42,20,33.3,0.08,30,0
12,152,73,11,135,27.3,0.086,45,0
3,89,66,23,213,40.2,1.21,69,0
15,123,77,27,8,23.8,0.81,69,0
15,98,64,27,47,35.4,0.205,45,0
1,155,80,21,32,40.3,0.501,31,1
16,74,53,31,163,35.4,0.362,74,1
11,103,71,27,6,30.6,0.531,56,0
2,131,93,1,18,28.3,0.539,59,0
0,166,57,33,111,39.3,0.466,73,1
0,118,61,33,4,22.0,0.145,46,0
10,103,76,8,54,25.2,0.08,34,0
4,176,72,20,46,29.2,0.286,59,0
11,76,74,30,32,40.7,1.042,76,0
2,54,75,16,40,34.7,0.396,60,0
0,133,77,36,60,25.2,0.839,21,1
0,104,83,55,14,29.8,2.248,76,0
7,89,74,8,67,27.7,0.084,74,0
9,141,67,0,130,27.0,0.553,24,1
10,127,78,24,114,38.9,0.527,50,0
11,103,92,30,13,22.4,1.838,32,0
12,81,68,16,12,43.3,1.993,76,0
11,146,58,41,24,37.8,0.545,55,0
13,139,83,0,35,39.6,0.131,33,0
1,117,68,30,42,28.8,0.753,72,0
2,175,43,10,91,31.0,0.08,51,0
16,87,80,45,4,22.0,0.713,58,1
7,74,63,49,2,28.3,1.133,63,0
9,99,68,8,39,35.5,0.227,43,0
1,118,73,11,95,41.1,0.468,24,0
8,127,72,32,17,24.2,0.264,72,0
6,112,78,14,82,29.4,0.271,36,0
3,130,64,19,24,30.9,0.175,27,1
12,82,76,20,173,22.2,0.675,42,0
10,163,66,0,180,36.1,1.293,49,0
3,117,78,19,28,26.9,1.328,31,1
3,153,77,9,20,30.6,0.09,76,0
9,130,58,12,42,28.8,0.976,53,0
4,133,83,41,22,26.5,0.629,78,1
8,137,63,1,89,32.0,0.137,49,1
2,133,79,32,139,30.5,0.08,79,1
16,139,74,15,89,29.4,0.147,59,0
2,159,92,15,139,26.9,1.143,32,0
15,125,67,31,40,34.2,0.471,27,1
3,141,65,25,13,43.6,0.6,79,0
16,117,69,28,107,33.0,0.14,75,0
6,163,66,34,35,39.0,0.597,59,1
4,99,79,15,89,22.3,0.08,62,0
11,174,50,10,25,33.1,0.221,68,1
16,118,57,3,6,24.3,0.463,46,0
12,77,57,7,392,21.7,0.08,60,0
2,123,81,64,13,26.8,0.814,29,0
8,99,90,38,356,40.3,0.126,61,1
16,145,68,0,302,38.7,0.496,54,0
16,100,67,0,126,33.7,0.244,65,0
15,106,70,27,86,21.3,0.426,33,1
12,63,83,28,68,30.6,0.08,75,1
16,106,58,28,160,34.1,0.08,75,1
3,47,72,16,27,33.2,1.129,56,0
11,72,81,18,50,19.1,0.148,45,0
8,142,76,24,77,25.8,0.805,44,1
11,143,72,21,42,31.6,2.42,64,0
8,132,82,0,44,35.8,0.112,37,0
6,90,37,16,32,16.6,0.145,22,0
13,118,78,7,66,30.9,0.511,33,1
14,119,62,22,152,33.0,1.582,51,0
15,85,48,64,18,37.9,1.163,49,1
4,165,76,25,217,36.9,0.328,70,0
2,146,86,15,93,36.1,0.745,48,0
11,113,68,33,138,26.4,0.08,80,0
3,120,81,27,64,18.6,1.782,47,0
15,126,89,26,120,29.2,1.567,35,0
6,58,85,29,1,39.0,0.084,51,0
12,112,89,50,136,41.8,0.167,60,0
9,99,78,3,3,37.0,0.08,35,1
6,89,70,27,176,35.0,0.149,53,1
13,111,50,6,385,34.7,0.796,40,1
4,173,67,28,27,28.1,0.223,62,0
2,139,59,6,18,31.1,0.08,32,0
10,102,96,13,115,43.7,0.197,57,0
10,137,67,15,23,25.4,1.872,29,1
14,161,71,34,160,43.3,0.467,43,1
11,147,76,33,8,29.7,0.253,28,1
8,121,70,1,10,41.3,0.086,52,0
9,100,90,20,309,22.2,2.012,68,0
11,140,62,9,89,36.1,0.808,34,0
16,131,72,1,150,26.8,0.155,47,0
5,146,61,16,31,22.1,0.08,45,0
6,139,54,15,90,33.5,0.08,33,1
13,151,62,56,72,39.1,0.08,75,0
12,103,69,26,73,26.1,0.409,41,0
7,159,64,0,91,21.5,1.242,65,0
9,125,61,11,68,31.4,0.323,51,1
8,182,53,35,44,31.4,0.87,57,0
1,99,69,51,25,35.8,0.277,68,1
4,172,51,0,117,38.6,0.58,78,1
4,125,79,0,20,31.6,0.619,63,0
5,100,70,48,94,45.0,0.09,74,0
7,105,52,25,21,33.6,0.211,25,0
15,110,66,6,78,29.6,0.477,33,0
12,132,60,28,109,20.7,0.08,48,1
0,135,73,0,19,30.2,0.211,63,1
16,102,86,20,4,29.6,0.36,45,0
6,119,47,24,11,38.7,2.42,71,0
12,184,71,33,74,35.2,0.302,55,0
3,171,68,4,151,23.7,0.796,67,0
3,133,78,21,3,33.2,0.266,59,0
5,121,72,6,105,36.7,0.748,27,0
11,123,60,23,33,42.7,0.425,58,0
6,138,66,6,52,38.2,1.023,52,1
9,89,60,13,211,37.3,0.249,23,0
6,112,82,5,32,32.4,0.436,65,0
2,69,70,29,50,34.7,0.467,59,0
12,131,92,32,1,40.7,0.254,57,1
12,139,69,16,6,22.7,0.08,75,0
7,105,61,20,23,29.6,0.08,70,0
8,167,51,0,2,26.6,0.08,42,0
6,83,48,15,79,34.7,0.972,28,1
0,76,50,19,44,40.6,0.127,37,0
2,126,73,59,63,27.8,0.112,72,1
12,151,76,3,15,15.3,0.626,47,1
16,170,51,41,28,29.1,0.181,53,1
0,106,80,34,87,38.4,0.331,66,0
5,152,64,24,268,35.8,0.083,37,0
5,118,71,46,4,35.0,1.51,62,0
11,114,89,25,176,30.0,0.897,32,1
12,146,80,25,68,23.0,0.937,68,0
12,139,66,19,66,35.6,0.245,66,0
14,72,59,38,55,26.2,0.675,47,1
15,164,44,36,5,47.3,0.08,68,0
10,161,61,10,7,36.0,0.08,28,0
4,101,67,0,73,27.9,0.08,43,0
3,131,58,16,33,27.7,0.415,80,0
2,134,68,7,199,31.3,0.286,62,1
14,127,70,19,41,30.3,0.343,69,0
8,103,67,38,12,39.8,0.08,79,0
16,99,62,13,100,33.3,0.258,49,0
13,119,72,19,27,26.9,0.595,70,1
14,155,75,20,59,45.2,0.275,40,1
0,136,56,32,95,32.3,0.619,36,0
2,108,86,0,184,37.4,0.125,37,0
15,143,68,10,125,27.7,0.788,36,0
10,34,70,23,90,34.5,0.417,39,1
11,154,78,38,91,34.2,0.111,76,0
9,67,72,12,233,18.8,0.127,76,1
15,109,81,0,28,46.1,0.465,28,0
7,86,73,29,0,41.0,0.833,58,0
5,81,62,10,25,29.2,0.252,58,0
11,154,74,2,19,24.3,0.14,73,1
7,105,56,10,86,34.4,0.948,49,0
3,130,71,17,80,32.6,0.52,61,1
7,118,69,10,72,34.5,0.279,56,0
4,134,67,0,1,33.3,0.315,46,0
8,122,68,33,104,35.5,0.107,51,0
3,81,47,39,31,42.1,0.463,64,1
16,149,63,29,87,36.0,0.209,80,0
8,105,71,2,65,24.7,2.42,32,1
0,73,71,16,33,41.5,0.308,75,1
12,107,57,19,11,43.5,0.313,37,1
15,165,85,28,7,54.1,0.392,35,0
12,145,59,30,142,24.1,1.168,29,1
13,109,81,8,200,33.7,0.758,59,1
2,109,75,21,83,17.4,0.282,62,0
5,110,62,26,8,35.9,0.596,68,0
4,182,91,41,41,28.2,0.415,32,0
14,131,55,30,104,45.5,0.319,52,0
1,132,81,31,121,26.6,0.1,45,0
9,150,82,21,10,20.2,0.293,59,0
12,127,61,41,0,28.7,0.133,38,0
4,112,86,26,99,18.2,1.158,35,0
0,114,66,7,35,37.3,0.192,52,0
0,117,73,41,23,17.5,1.43,26,0
14,118,73,30,1,32.2,0.358,78,0
16,141,68,13,62,17.5,0.469,64,0
10,121,79,12,152,29.8,0.368,63,0
16,141,79,24,252,43.5,0.08,72,0
12,117,49,26,66,34.5,0.222,55,0
0,122,85,22,57,26.0,0.08,54,1
1,60,50,24,7,31.8,0.458,58,0
8,147,82,45,63,32.1,0.278,76,1
2,130,83,36,38,35.3,0.707,74,0
0,149,56,22,74,22.4,0.117,77,0
15,33,65,34,39,36.1,0.085,25,0
5,182,56,4,21,13.1,0.245,38,0
16,115,67,25,7,27.6,1.227,36,1
4,153,66,47,30,28.6,0.582,28,0
4,88,79,16,8,36.4,0.255,45,0
5,138,85,7,15,32.2,0.342,52,0
2,88,86,10,349,22.2,0.08,46,0
4,101,63,3,46,25.1,1.961,72,1
4,177,67,8,60,33.4,0.516,42,1
9,114,49,14,165,31.4,0.158,51,0
9,126,60,0,433,27.9,0.414,63,0
16,146,81,20,69,28.6,0.08,30,0
13,134,89,33,133,36.9,1.587,76,1
8,124,55,6,31,28.4,0.09,77,0
13,130,62,42,29,31.4,0.491,32,0
0,192,69,27,41,47.2,0.132,73,1
12,118,73,35,89,22.0,0.594,48,0
12,126,60,10,91,19.0,0.705,26,0
3,151,75,32,30,37.5,0.526,79,1
0,153,64,3,11,27.2,0.448,40,0
16,155,69,33,80,29.8,1.048,25,0
7,139,76,22,10,26.5,0.08,43,0
1,85,70,28,69,30.2,0.189,29,0
7,169,64,2,94,43.2,0.134,78,0
6,85,68,6,96,37.6,2.079,79,1
1,129,68,28,112,38.0,0.232,49,0
2,97,65,5,164,22.1,0.62,36,1
11,118,66,26,55,23.9,0.543,74,1
0,129,89,0,104,12.1,0.112,66,0
11,129,76,32,77,26.3,0.128,42,0
4,132,66,1,16,38.7,0.155,28,0
16,168,78,28,2,35.6,0.249,79,1
15,133,65,29,26,30.4,0.125,40,1
14,112,84,9,46,31.8,0.08,71,0
14,148,74,28,76,27.2,0.994,34,1
4,155,68,23,151,33.4,1.584,59,0
13,83,75,11,17,37.4,0.196,57,1
1,137,51,4,10,20.7,0.194,70,0
10,141,56,0,264,34.1,0.08,54,0
6,111,55,25,9,38.5,0.536,31,1
5,161,71,0,52,29.1,0.82,74,0
1,115,90,21,70,36.9,0.08,60,0
5,123,96,16,62,51.7,0.082,53,0
1,114,77,30,7,31.3,0.734,51,0
14,120,76,15,4,34.8,0.45,79,0
1,87,48,15,8,26.8,0.08,74,1
5,76,63,30,70,33.3,0.458,64,0
0,167,60,25,62,35.2,0.174,54,0
14,94,62,24,21,33.4,0.216,70,1
9,90,67,27,81,24.9,0.69,27,0
16,55,64,0,137,33.4,0.783,78,0
4,100,46,31,3,42.2,0.24,69,1
3,80,78,29,55,35.1,1.382,74,1
9,169,57,4,93,38.7,0.245,43,0
16,150,72,16,23,30.3,0.695,66,1
9,99,94,19,29,37.2,0.311,76,0
16,187,58,17,76,34.0,1.071,27,1
4,149,39,25,182,25.3,1.12,74,0
1,110,66,41,132,34.2,0.08,45,1
5,45,83,36,69,25.1,1.296,23,0
1,188,93,0,104,27.6,0.821,79,1
12,78,55,29,36,33.3,0.736,58,1
10,70,75,39,81,34.1,0.105,40,1
10,150,64,25,50,23.7,0.769,54,0
15,193,68,36,16,39.4,0.892,69,0
10,161,101,50,96,36.0,0.16,64,0
14,136,51,35,65,27.1,1.43,64,1
15,137,73,23,35,21.2,0.08,50,0
10,145,75,35,193,31.0,0.08,37,1
15,142,83,22,1,28.9,0.363,79,1
7,128,71,20,30,32.8,0.403,30,0
3,123,73,14,4,29.5,0.487,55,1
7,118,65,43,116,17.9,0.08,40,0
3,97,73,7,96,29.3,1.517,38,0
2,111,65,42,32,29.9,0.08,65,0
2,69,77,27,90,36.4,0.08,64,0
4,117,65,0,40,27.1,0.08,47,1
9,90,74,25,112,43.8,0.393,79,0
5,86,69,0,48,18.6,1.265,79,0
0,125,83,29,42,41.2,0.515,69,1
4,161,69,33,218,30.4,0.813,56,1
8,147,48,11,23,38.0,0.08,43,0
11,72,85,21,10,32.6,0.367,52,1
13,90,59,49,70,40.0,0.289,30,0
1,148,62,12,278,29.3,0.325,31,0
16,90,62,4,37,24.3,0.08,58,0
13,113,86,42,5,41.9,0.542,26,0
12,136,44,49,33,31.2,0.329,79,1
8,90,107,20,56,33.6,0.681,61,0
14,123,82,35,14,40.6,0.312,67,1
14,79,72,40,85,24.8,0.08,54,0
10,101,69,8,487,36.2,0.491,56,0
15,129,73,12,48,27.9,0.089,57,1
16,72,76,38,35,31.1,0.968,37,1
3,133,77,45,40,32.5,0.446,60,0
0,119,76,28,9,21.5,0.08,60,0
7,136,71,6,171,26.5,1.541,74,0
16,126,67,49,42,41.5,0.343,32,0
2,160,68,12,39,38.2,0.08,41,1
14,123,67,14,86,31.6,0.463,60,1
14,107,83,25,46,33.7,0.137,39,0
13,123,77,43,83,29.9,0.765,23,1
13,136,34,32,5,41.5,0.8,38,0
1,121,77,26,134,30.6,1.815,73,0
12,121,72,26,225,33.6,0.328,71,0
13,98,69,20,83,40.0,0.285,39,0
6,100,65,28,247,26.6,0.658,67,0
2,77,83,0,13,42.9,0.08,26,0
14,172,81,15,51,21.3,0.372,36,0
13,82,60,23,73,43.4,0.371,28,0
10,99,74,2,69,29.4,0.08,68,1
14,98,58,25,41,30.3,0.254,38,0
12,146,53,16,33,18.8,0.902,72,0
5,111,62,46,10,28.8,0.911,68,1
2,157,80,43,39,24.7,0.08,63,1
14,99,81,13,14,27.7,0.08,59,1
4,128,76,17,106,31.0,0.143,69,0
9,94,78,18,18,38.7,0.976,69,0
6,184,76,13,4,33.5,0.08,32,0
16,84,62,22,64,34.2,0.598,65,0
6,129,75,8,72,24.3,0.08,30,1
11,139,79,3,164,25.8,0.459,27,0
16,132,79,29,68,44.6,0.207,66,0
12,114,84,29,33,26.9,0.731,75,0
3,116,78,7,129,43.6,0.125,21,0
9,121,74,33,62,30.3,0.479,69,1
2,115,82,10,6,32.0,0.126,56,0
8,148,69,23,66,39.5,0.588,41,0
12,186,59,32,190,40.9,0.972,57,0
14,103,68,19,40,31.2,0.08,72,0
3,78,61,26,28,29.3,0.947,44,0
14,117,61,12,12,31.6,0.423,75,0
1,197,68,17,13,34.4,0.08,45,0
14,95,60,16,45,38.2,0.262,27,1
7,169,66,8,72,32.0,0.082,62,1
7,170,47,17,6,36.3,0.566,37,1
16,103,72,0,224,43.5,0.669,49,1
11,137,70,12,112,34.7,0.08,50,0
9,168,60,15,70,34.2,0.332,27,0
8,108,77,16,141,21.4,0.792,53,0
4,113,81,16,6,13.6,1.293,27,1
5,102,50,19,51,34.7,0.339,78,1
1,89,60,27,79,31.3,1.411,44,1
12,100,60,33,141,28.4,0.361,31,0
5,83,58,10,122,33.7,0.236,29,1
4,121,79,1,25,31.6,0.886,32,0
0,96,67,4,226,39.9,0.319,55,0
5,127,66,12,10,32.6,0.3,24,0
5,73,45,14,166,26.8,0.317,56,0
15,129,77,8,283,38.9,0.882,48,0
3,145,55,0,15,30.5,0.838,77,0
10,60,70,13,102,35.7,0.243,33,0
8,131,73,22,3,28.7,0.191,43,0
2,156,86,28,41,27.5,0.318,39,1
7,83,54,11,58,32.6,0.4,62,1
4,170,33,13,69,32.1,0.128,57,0
3,132,72,6,219,35.4,0.742,59,1
5,98,91,19,89,30.1,0.313,44,1
1,118,84,7,52,19.1,0.191,36,0
10,136,72,28,132,29.0,0.08,53,0
3,122,64,0,240,37.6,0.128,32,0
14,136,79,14,1,29.9,1.401,54,0
5,92,58,24,323,30.3,0.171,27,1
16,125,75,22,7,38.9,0.087,31,1
5,77,76,60,134,27.0,0.29,51,0
1,116,82,25,26,21.2,0.172,49,1
14,92,103,4,11,30.9,0.08,33,1
10,97,74,18,46,28.6,0.183,51,1
7,157,63,0,82,25.2,0.369,22,0
12,152,69,18,38,30.8,0.377,59,1
11,138,48,7,4,35.4,0.207,35,0
4,87,61,33,73,31.9,0.279,77,0
5,110,65,11,186,34.1,1.583,31,0
3,156,63,18,38,44.7,0.223,54,0
0,124,71,10,19,29.6,0.14,59,1
16,189,60,46,46,33.9,0.131,24,0
11,131,83,15,3,28.4,0.288,31,0
14,125,70,47,137,26.1,0.67,49,0
0,110,69,32,140,27.9,0.108,22,1
13,124,66,27,70,28.6,0.581,36,0
5,115,71,25,34,34.5,0.08,59,1
4,141,79,25,128,48.4,0.255,33,0
10,148,59,0,64,27.0,0.703,57,0
3,96,62,15,139,29.1,0.194,37,0
12,80,66,32,79,31.6,0.39,41,0
10,64,53,19,122,34.8,0.108,64,0
2,135,60,0,73,33.8,0.637,80,0
0,86,64,19,42,41.0,0.08,39,1
5,55,80,45,253,15.0,0.9,27,0
9,131,73,38,62,15.3,0.104,58,0
4,194,72,19,74,28.5,0.975,28,0
9,119,80,34,19,39.7,0.204,33,1
11,145,68,14,78,21.0,0.603,57,0
1,122,74,0,67,10.9,0.181,22,0
12,117,68,6,16,36.0,1.111,61,1
7,147,73,43,4,33.7,0.08,31,0
1,111,63,15,74,24.4,0.092,44,0
0,128,40,16,115,25.1,0.319,26,0
4,129,68,15,59,25.2,0.08,46,0
8,99,87,48,20,32.8,0.103,27,0
16,149,81,44,87,27.6,1.353,77,0
8,114,81,53,6,35.5,1.763,59,0
10,97,84,17,46,12.0,0.222,39,0
14,136,71,24,14,26.0,1.207,26,0
5,93,72,0,16,24.1,0.37,63,1
2,120,62,42,18,30.2,0.148,49,1
16,119,66,2,39,28.2,0.57,63,1
4,152,77,23,4,37.6,0.506,59,0
11,134,84,3,40,19.0,2.125,22,0
13,119,68,11,57,32.3,0.145,39,0
10,144,64,7,52,35.9,0.524,24,0
8,161,70,10,38,45.0,0.08,78,1
1,136,77,11,146,28.6,0.08,26,0
11,120,52,11,12,34.3,0.08,69,0
2,80,42,32,56,19.4,2.42,77,0
2,88,63,3,5,15.3,0.762,57,0
0,110,55,23,5,37.9,0.726,48,0
7,101,63,38,68,32.0,0.335,50,0
7,114,68,12,66,40.2,0.168,27,0
10,121,64,9,168,22.4,0.08,29,1
8,135,87,16,65,35.6,0.157,45,0
4,117,73,37,257,45.1,0.222,53,1
13,134,73,22,3,34.9,0.664,21,1
2,121,77,12,8,33.9,0.365,71,0
4,60,56,27,3,32.1,0.08,26,1
4,91,82,3,16,21.0,0.08,38,0
13,115,69,30,62,41.5,0.08,30,1
3,83,78,26,82,27.7,0.248,48,0
12,137,57,15,3,35.5,1.272,31,0
9,165,51,7,233,21.1,0.477,53,0
7,156,79,6,147,23.7,0.761,21,0
7,113,74,28,28,42.0,0.295,33,1
6,164,59,38,6,29.6,0.211,57,0
7,124,59,10,14,42.2,0.08,40,1
13,109,83,26,10,31.5,0.981,21,0
5,101,55,0,10,19.1,0.718,72,1
0,110,89,11,58,38.2,0.087,23,0
14,108,59,19,22,27.9,0.337,38,0
0,125,77,6,35,36.9,0.314,61,0
