age,gender,bmi,blood_pressure,cholesterol,smoker,exercise,disease
63,0,39.3,128,198,1,0,1
76,0,19.9,135,269,0,1,0
53,1,35.4,118,193,0,1,0
39,1,31.0,151,205,1,0,1
67,1,28.6,151,260,0,1,1
32,0,27.3,146,283,1,1,1
45,1,35.3,105,257,1,0,1
63,1,32.1,145,297,1,1,1
43,1,35.7,99,263,1,1,1
47,1,37.9,119,227,1,0,0
35,0,31.6,114,279,0,1,1
35,0,39.6,173,186,1,0,1
48,1,31.4,94,169,0,1,0
77,0,32.0,154,175,0,0,0
60,0,30.2,138,178,1,0,0
64,1,20.0,92,150,1,0,0
48,1,34.0,134,268,0,1,1
27,0,30.0,103,184,0,0,0
46,1,27.9,119,208,0,0,1
77,0,38.0,157,218,1,0,1
26,1,24.6,107,161,0,0,0
48,0,29.5,151,169,1,0,0
68,1,33.3,126,192,1,1,0
54,0,35.5,114,275,1,1,1
62,0,28.1,137,199,0,1,1
26,0,36.5,154,178,1,1,0
45,1,34.9,142,188,1,1,1
57,0,19.5,168,187,1,1,0
36,0,19.0,162,233,1,1,1
46,1,31.7,104,277,1,0,1
68,1,25.6,138,275,0,1,1
49,0,22.6,177,194,1,0,1
73,0,30.8,157,201,1,0,1
51,1,25.5,101,229,0,1,0
66,1,29.8,148,273,1,0,1
52,1,28.1,126,268,0,0,1
40,1,30.9,150,157,1,0,0
39,1,26.8,132,234,0,0,0
71,0,33.3,159,278,0,1,1
75,1,22.0,128,157,1,1,0
68,0,33.3,145,245,1,1,1
79,0,27.1,152,251,1,1,1
76,0,37.2,135,154,0,1,0
27,1,29.3,177,235,0,1,0
61,0,39.4,100,183,0,1,0
75,0,31.2,151,204,1,1,1
31,1,22.9,166,268,0,1,0
45,0,36.1,114,263,0,1,0
33,0,25.6,160,294,1,0,0
63,1,25.6,141,175,0,1,0
42,0,18.7,93,285,0,0,0
28,0,30.1,148,196,1,0,0
49,0,29.8,161,262,0,0,0
38,1,25.8,109,225,1,0,0
74,1,37.7,152,221,1,1,1
33,1,20.8,143,238,1,0,0
50,0,25.3,163,195,1,1,0
77,0,25.1,146,182,1,1,0
26,1,20.0,179,150,0,0,0
44,0,28.6,130,296,0,1,1
52,0,33.1,92,180,1,0,0
71,1,29.3,95,291,1,0,1
31,1,21.5,94,202,0,1,0
68,0,26.3,94,197,1,1,0
32,0,18.1,143,218,1,0,0
71,0,37.1,136,254,1,1,1
59,1,19.9,176,239,0,1,1
38,1,31.1,138,212,0,1,0
41,1,39.7,98,222,1,0,0
60,1,29.8,109,238,1,0,1
74,0,38.3,150,162,0,1,1
64,1,23.2,124,222,0,1,0
28,1,34.7,139,226,1,1,1
26,1,29.7,171,217,1,1,0
30,1,33.9,151,247,0,1,0
78,1,19.4,106,274,0,0,0
66,0,21.3,177,251,0,1,1
28,0,20.9,92,281,1,0,0
78,1,33.1,121,251,0,1,1
53,0,36.6,102,168,1,0,0
42,1,34.5,178,231,0,1,1
50,1,18.7,162,290,0,0,0
68,0,37.1,157,172,0,1,1
58,0,25.8,103,232,0,0,0
34,1,26.7,100,258,1,0,0
60,1,20.3,145,224,1,0,0
38,1,34.2,156,278,0,0,1
55,0,22.0,118,237,1,0,1
72,1,30.4,98,203,0,0,0
39,1,36.5,156,238,0,1,1
32,1,20.0,114,292,0,0,1
38,0,29.8,165,214,0,1,0
47,1,23.1,131,225,1,1,0
64,1,25.5,98,292,0,1,1
45,0,28.4,168,298,0,1,0
40,1,25.8,129,296,1,1,1
69,1,32.3,114,209,0,0,0
42,0,28.6,94,242,0,0,0
71,1,30.9,100,198,0,0,0
77,0,34.2,148,184,1,1,1
48,0,30.3,177,251,0,0,0
50,1,30.9,168,160,1,0,0
49,1,30.4,127,248,0,0,0
69,1,26.3,161,259,0,0,0
65,1,25.4,94,223,1,0,0
53,0,37.8,137,158,0,1,0
39,1,31.4,179,152,0,0,0
69,0,23.4,107,234,1,1,0
25,1,29.0,159,175,1,1,1
49,1,25.3,126,221,1,1,0
31,1,38.5,149,197,1,1,1
33,0,18.2,137,266,1,1,0
48,1,23.0,166,161,0,0,0
25,1,26.0,117,282,1,0,0
68,1,28.7,158,197,0,0,1
32,1,36.7,166,186,0,1,1
48,0,19.9,170,193,0,0,0
35,1,35.7,129,164,1,0,1
75,0,19.2,134,192,1,1,1
41,0,36.5,151,236,0,1,1
32,0,19.1,147,219,1,1,0
59,0,18.4,156,195,1,1,0
59,0,33.3,145,257,1,0,1
57,0,39.9,129,272,1,1,1
29,1,37.7,129,170,0,1,0
66,0,30.7,166,256,0,0,1
63,0,38.2,122,229,1,0,1
65,0,18.1,95,196,0,1,0
52,1,39.5,177,266,1,0,1
31,1,28.8,108,273,1,1,0
33,0,33.9,169,292,0,1,0
32,1,36.1,129,174,0,0,0
36,0,33.8,148,185,0,0,0
58,0,29.8,148,200,1,1,1
57,1,28.5,137,164,0,1,0
72,0,36.4,130,217,1,1,1
79,1,22.5,102,170,0,0,1
47,1,39.3,134,290,0,1,1
48,0,33.6,178,168,1,1,1
61,0,22.4,142,183,1,1,1
59,1,34.2,131,227,1,1,0
68,0,29.7,152,274,1,1,1
64,0,33.6,116,266,1,0,0
46,0,34.9,127,201,1,1,0
51,1,19.9,149,176,1,1,0
59,1,29.1,96,184,1,1,1
25,0,38.5,94,285,0,1,0
59,1,25.1,134,293,1,0,1
61,1,31.1,147,255,1,0,1
71,1,26.1,120,295,0,0,1
38,1,28.0,112,151,1,1,0
27,1,30.1,131,226,0,1,0
25,0,30.1,99,281,0,0,0
29,0,22.4,121,239,1,0,0
50,0,33.1,142,238,0,0,0
79,1,19.9,119,243,1,1,1
38,1,21.1,128,156,0,1,0
63,0,18.1,120,244,0,0,0
51,1,20.6,171,257,0,0,0
33,0,28.4,91,223,1,0,0
39,0,31.3,167,188,1,1,1
39,0,35.5,166,290,0,1,1
50,1,20.3,101,220,0,1,0
66,1,36.7,128,205,1,0,1
37,0,34.4,155,191,1,0,0
75,0,27.0,102,185,0,1,0
56,0,38.5,135,233,0,0,0
63,0,39.8,116,267,1,1,0
73,1,22.5,106,156,1,0,0
76,1,26.3,149,203,1,0,0
56,0,38.4,153,278,1,0,1
28,0,33.9,177,269,1,0,1
54,1,19.1,124,255,0,1,0
61,1,35.2,159,196,1,0,1
47,0,36.2,172,272,0,1,1
63,0,34.5,119,290,1,1,1
69,0,35.6,160,268,0,1,1
39,1,36.2,163,299,1,0,1
67,1,22.1,152,267,1,1,0
53,1,23.2,117,170,0,1,0
60,0,31.9,149,286,0,1,0
37,0,38.0,168,175,1,0,1
56,1,25.0,126,158,1,0,0
31,1,30.9,111,164,1,1,0
75,0,33.0,157,159,1,0,0
46,1,27.9,109,271,1,1,1
52,1,33.7,157,270,0,1,1
26,0,37.8,153,274,0,0,0
66,1,31.7,106,221,1,1,0
69,0,29.9,101,198,0,0,0
77,0,27.7,111,240,0,0,1
30,0,30.7,106,186,0,1,0
52,0,25.8,99,217,1,0,0
52,0,26.6,154,199,0,0,0
68,0,29.7,111,168,1,1,1
68,0,19.5,179,249,0,1,1
44,1,23.0,171,209,1,0,0
54,0,29.9,139,238,0,0,1
35,0,27.5,103,295,1,1,0
79,1,25.3,153,296,1,0,1
52,1,34.1,136,218,0,0,0
49,1,33.3,118,198,1,0,1
63,0,21.7,165,257,1,0,1
57,1,37.3,125,268,1,0,1
25,0,28.9,141,298,1,0,0
51,0,34.3,165,299,1,0,1
76,0,30.6,96,186,1,1,1
37,0,39.9,118,292,1,1,1
65,1,34.6,100,160,1,1,0
27,1,33.6,122,287,0,1,0
63,0,35.1,95,227,0,1,0
30,0,21.1,168,226,1,0,0
32,0,22.5,121,151,1,0,0
51,1,33.7,140,213,0,0,1
33,0,28.9,164,184,0,0,0
61,0,34.6,147,156,0,1,1
57,1,20.3,176,234,1,0,1
75,1,29.8,115,295,0,0,1
66,0,26.3,135,216,1,1,1
68,1,28.1,118,191,1,0,0
48,1,31.3,93,267,0,0,1
39,0,29.1,170,274,1,1,1
78,1,29.9,102,173,1,0,0
56,0,28.7,128,195,1,0,1
56,1,27.0,104,168,1,0,0
48,0,35.0,118,217,0,0,0
65,0,18.3,118,251,0,0,0
76,0,31.2,164,191,1,1,1
73,1,30.4,121,181,1,1,1
73,0,33.8,91,258,0,1,0
76,1,31.2,136,185,1,1,1
36,0,36.2,167,246,0,1,1
63,0,39.1,173,280,1,1,1
26,1,25.5,111,222,1,0,0
27,0,23.0,164,285,0,1,0
73,0,27.3,116,246,0,1,1
61,1,24.3,156,272,0,0,1
73,0,31.5,170,219,0,0,0
41,0,38.1,145,162,1,1,0
73,0,21.1,110,198,0,0,0
26,0,20.2,136,209,1,1,0
26,1,23.6,169,279,0,0,0
52,1,34.0,148,154,0,1,0
78,0,31.0,173,176,1,0,1
47,1,20.2,95,298,0,0,0
61,0,38.2,108,157,0,1,0
56,1,35.4,146,199,0,1,0
57,0,18.5,158,216,0,1,0
25,0,32.3,92,193,1,1,0
43,0,35.0,90,274,1,1,1
26,0,26.2,147,207,0,0,0
77,0,19.5,127,152,0,1,0
68,0,19.7,104,235,0,1,0
50,1,20.3,123,219,1,0,0
56,0,36.5,150,279,1,0,1
30,1,38.0,124,151,1,1,1
56,0,20.7,153,251,1,0,0
79,1,23.2,114,184,0,0,0
28,1,21.6,113,247,0,1,0
79,1,22.1,101,179,0,0,0
35,0,36.4,107,265,1,0,0
41,0,25.3,104,157,0,1,0
62,1,24.9,169,299,1,1,1
48,0,23.0,116,193,1,0,0
29,1,31.4,161,185,0,0,0
76,0,26.3,149,226,0,1,1
58,1,34.4,135,180,0,0,0
30,1,22.5,178,196,1,0,0
46,0,35.3,106,204,1,0,1
35,1,31.3,142,255,0,1,0
72,0,20.5,97,270,0,0,1
40,1,27.1,168,204,1,0,0
57,1,37.0,116,293,0,1,1
33,0,38.3,135,161,1,0,1
30,0,28.2,139,294,1,0,0
40,0,28.6,160,293,0,1,1
53,1,38.2,92,289,0,1,1
27,0,30.9,153,285,0,1,0
44,1,18.7,133,152,0,1,0
60,1,38.1,142,293,1,0,1
43,0,23.5,113,179,1,0,1
50,0,30.7,149,172,1,1,1
27,1,21.6,92,241,0,1,0
43,1,18.7,109,264,1,0,0
44,0,24.9,135,253,0,1,1
56,0,35.2,104,267,0,0,0
31,0,24.1,114,154,0,1,0
76,0,22.8,167,253,0,0,0
65,0,22.7,160,257,0,1,1
57,1,29.3,106,214,0,1,0
64,1,39.5,173,270,1,0,1
63,1,28.1,98,179,0,1,0
42,1,30.3,127,298,1,0,0
64,0,36.9,137,233,1,0,1
25,0,29.8,149,299,0,0,0
35,0,22.1,152,181,0,0,0
52,1,24.6,175,165,0,0,0
49,1,24.8,91,187,1,1,0
74,0,26.7,177,291,0,1,1
47,0,27.4,161,185,1,0,0
55,1,35.6,100,263,0,1,0
54,1,25.7,153,215,0,0,1
66,0,28.3,166,254,1,1,1
59,0,31.7,170,234,1,1,1
31,1,26.3,161,151,0,1,0
40,0,36.4,110,224,1,1,0
50,0,30.9,107,216,1,0,0
72,0,24.5,153,204,1,0,0
76,1,33.7,171,155,1,1,1
73,1,29.6,127,299,1,1,1
26,1,29.8,121,292,0,0,1
25,1,28.6,100,235,0,1,0
72,1,28.9,134,209,1,0,0
36,1,34.8,178,250,0,0,1
29,1,20.3,122,161,0,0,0
61,0,25.4,130,198,1,1,0
56,0,19.7,97,191,0,0,0
79,0,34.6,100,231,1,1,1
33,0,24.0,175,184,1,0,0
65,0,37.7,140,283,0,1,1
59,0,29.6,177,216,1,1,1
43,0,35.6,130,229,1,1,1
72,1,39.5,106,156,1,0,1
40,1,36.5,165,163,1,0,0
27,0,37.1,135,222,1,1,1
44,0,27.0,121,292,0,1,0
48,1,30.1,168,298,0,1,0
78,0,23.6,169,215,1,0,1
57,0,22.3,143,240,1,0,0
48,1,29.1,175,279,0,0,1
76,0,31.1,109,169,1,0,0
35,1,25.5,122,159,0,1,0
73,0,30.5,163,174,1,1,1
32,1,37.5,129,174,1,0,0
60,1,30.2,121,203,1,0,1
62,1,33.9,91,182,1,1,1
64,0,35.7,122,244,1,0,1
44,1,39.8,166,163,1,0,0
59,0,31.3,119,214,1,0,1
72,0,35.8,122,259,0,0,0
49,0,39.2,166,229,0,0,1
59,0,38.8,115,203,0,0,0
49,1,21.1,111,274,1,1,1
53,1,26.9,155,280,1,0,0
42,0,25.1,127,283,1,0,1
70,0,19.9,179,174,1,1,1
42,1,31.9,135,290,1,1,1
26,0,34.2,104,266,1,1,1
78,1,36.7,133,285,1,0,1
59,0,20.7,138,298,0,1,1
40,0,37.3,164,174,1,0,0
65,1,32.1,150,228,0,0,1
60,0,33.5,156,217,0,0,0
57,1,38.0,95,161,1,1,1
28,0,31.7,98,181,1,1,1
57,0,25.4,95,277,0,1,1
38,0,36.2,162,245,0,1,1
45,1,26.0,121,241,1,1,0
72,0,18.8,130,290,1,0,1
44,0,36.3,165,180,0,0,0
32,0,25.6,97,227,1,0,0
31,0,35.0,161,169,1,0,1
27,1,26.0,139,295,1,1,1
41,1,36.9,151,209,0,1,0
57,0,22.8,173,283,0,0,0
72,1,39.4,151,242,0,1,1
36,0,35.2,96,192,1,1,0
75,0,20.5,164,279,1,0,1
46,0,30.4,173,209,0,0,0
79,1,39.7,169,180,0,1,1
46,1,28.4,93,154,0,1,0
70,1,22.0,95,159,1,0,0
54,1,28.7,147,238,0,0,1
62,1,29.3,111,279,0,0,0
62,1,34.3,115,275,1,1,1
69,1,33.4,92,160,1,0,1
75,1,26.9,130,205,1,0,1
78,1,22.8,149,232,0,1,1
32,0,32.2,103,286,1,1,1
51,1,27.3,164,248,1,1,1
51,1,20.9,171,298,0,1,1
58,1,37.8,101,222,1,1,1
45,1,33.2,176,264,0,0,1
54,1,33.0,101,156,0,0,1
57,1,36.1,102,229,1,1,1
52,1,29.7,114,293,1,1,1
71,1,35.9,134,246,1,1,0
57,1,29.0,108,153,1,1,0
29,1,19.5,144,153,1,1,1
72,1,26.9,134,252,1,0,0
43,0,28.9,97,189,0,0,0
28,0,33.8,142,166,0,0,0
59,1,20.3,144,250,1,0,1
73,1,21.1,121,252,0,1,0
41,0,23.8,140,273,1,0,1
68,1,23.9,133,201,0,1,1
52,0,34.1,171,201,0,1,1
54,0,23.5,159,273,0,1,1
53,0,31.9,107,212,1,0,0
70,0,28.9,172,265,0,1,1
77,0,30.6,111,211,1,0,1
30,1,36.4,126,156,0,0,0
59,0,26.9,145,241,0,1,0
65,1,35.0,148,163,0,1,0
61,1,27.3,92,235,0,1,0
48,0,25.8,117,282,0,0,0
53,0,39.1,163,279,1,1,1
73,1,22.1,124,211,1,0,0
70,0,20.0,150,298,0,1,1
77,0,35.0,143,228,0,1,1
55,1,19.5,152,298,0,0,1
59,1,36.4,168,287,0,0,1
57,0,27.6,96,207,1,0,0
76,1,38.1,165,269,0,0,1
45,0,33.9,138,282,1,0,0
56,0,31.4,174,214,0,0,0
47,0,38.9,120,162,1,1,1
57,1,26.7,147,231,0,1,0
27,1,39.0,150,288,0,0,0
42,1,21.0,113,298,1,1,1
49,1,28.6,109,201,0,0,0
66,1,23.9,126,266,0,1,1
55,0,29.9,93,175,0,1,0
78,0,21.6,109,183,1,0,0
27,0,36.5,149,201,0,0,0
64,0,36.6,113,261,0,0,0
70,1,39.0,139,231,1,1,1
48,0,21.4,138,191,1,0,0
74,1,31.7,140,170,1,1,1
56,0,28.4,125,191,0,0,0
71,1,25.6,155,290,0,1,1
46,1,25.7,168,262,0,1,0
47,0,27.1,123,254,1,0,0
26,0,33.5,125,166,0,1,0
51,0,31.2,95,269,0,1,0
66,0,28.1,128,286,1,0,1
26,1,19.7,131,278,1,1,1
50,0,19.7,147,279,1,0,0
41,0,18.1,101,209,1,0,0
64,1,39.3,92,197,1,0,1
57,0,18.1,107,178,0,0,0
33,0,20.3,129,246,1,1,0
67,0,24.9,110,159,0,1,0
78,0,35.8,104,207,0,1,0
72,0,39.2,115,170,1,0,1
63,1,35.4,97,177,1,1,1
53,0,33.2,176,183,1,1,1
66,0,29.5,131,157,0,0,0
79,0,19.9,133,228,1,0,1
50,0,39.1,103,294,1,1,1
59,0,34.7,167,236,1,0,1
74,1,32.1,91,237,1,0,0
49,0,34.7,126,218,1,0,0
48,1,33.9,158,236,0,0,0
37,1,32.0,127,250,0,1,1
31,0,39.6,130,157,0,0,0
60,0,37.9,151,226,1,0,1
69,0,32.2,149,236,1,0,0
44,0,33.2,103,192,1,0,0
25,1,19.1,178,278,0,0,0
32,0,32.7,173,258,1,0,0
70,0,19.0,91,166,1,0,0
40,0,30.9,159,282,1,0,1
38,0,40.0,106,297,0,1,1
36,0,30.2,178,170,1,0,0
75,0,28.4,117,207,0,1,1
47,1,24.9,155,259,1,0,0
39,1,20.7,124,288,0,0,0
52,0,34.1,94,292,0,0,1
58,0,22.2,154,284,0,0,0
26,0,20.5,129,177,1,1,0
56,1,27.3,165,200,1,0,0
47,0,35.5,145,154,0,0,0
46,1,34.4,125,154,0,1,0
75,0,19.2,134,243,1,1,0
49,0,28.0,112,245,1,0,0
46,0,29.5,136,157,0,1,0
46,0,32.2,120,213,1,1,0
73,1,32.3,100,287,1,1,1
76,1,26.0,99,187,1,0,0
66,0,30.3,156,260,1,0,1
30,0,28.6,103,261,0,0,0
39,1,37.5,169,230,1,1,1
78,1,29.7,163,285,1,0,1
67,1,27.7,99,253,0,1,0
61,1,26.9,165,222,0,0,0
57,0,30.6,90,198,1,0,1
32,1,35.7,94,185,1,1,1
77,0,29.8,109,275,1,0,1
68,1,32.6,97,217,1,1,0
68,1,34.2,132,227,0,1,1
29,1,29.4,165,254,0,0,0
63,1,27.4,90,271,0,1,1
28,1,37.3,146,268,1,0,1
30,0,27.2,153,263,1,0,0
69,0,28.2,173,159,1,1,0
56,1,39.8,117,298,1,0,1
76,1,18.0,126,289,0,1,1
54,0,22.1,136,240,0,0,1
71,1,26.4,165,151,1,0,0
