age,income,days_since_last_purchase,total_past_purchases,avg_order_value,browsing_time_minutes,cart_abandonment_rate,product_category_views,email_opens,membership_years,will_purchase
63,87085.0,206,22,58.77,11.4,0.68,8,23,2.7,1
20,58716.0,56,6,131.23,7.9,0.18,8,11,7.8,1
46,92949.0,256,16,152.88,3.5,0.63,6,3,4.8,0
52,84687.0,345,27,185.24,2.6,0.15,2,4,3.5,0
56,116914.0,275,19,368.57,7.0,0.53,4,8,2.1,1
35,51735.0,124,30,217.57,45.8,0.69,6,16,0.8,0
37,48408.0,121,31,76.06,24.6,0.65,8,22,4.6,1
60,32364.0,82,37,208.67,11.8,0.68,3,18,3.9,1
40,109747.0,247,2,217.59,14.3,0.72,11,2,5.0,1
51,28282.0,241,16,142.0,1.7,0.61,11,11,5.6,1
50,71690.0,332,19,248.63,43.2,0.72,11,7,6.6,1
67,25086.0,67,30,140.05,1.4,0.12,5,23,2.7,1
65,109474.0,229,8,130.79,2.1,0.19,3,0,2.2,1
27,57243.0,329,22,352.8,2.8,0.29,1,19,6.7,1
50,84928.0,93,31,177.49,23.5,0.5,12,20,2.3,1
64,56417.0,28,23,215.95,3.3,0.6,13,24,6.9,1
50,109454.0,245,8,256.48,31.5,0.46,11,6,2.9,1
65,94286.0,214,29,256.68,22.4,0.13,13,11,5.2,1
43,33960.0,68,20,255.85,15.2,0.94,1,24,2.3,1
37,92137.0,129,22,312.32,18.1,0.22,13,8,5.7,1
32,108640.0,209,27,131.33,8.3,0.59,12,9,3.7,0
54,76351.0,131,5,322.7,1.9,0.86,12,0,7.0,0
50,117694.0,179,19,228.04,8.8,0.64,1,19,7.2,1
34,69650.0,3,14,359.28,15.7,0.47,10,14,4.7,1
22,28724.0,137,26,376.21,1.8,0.77,8,17,5.6,1
67,73781.0,146,34,50.51,19.0,0.44,7,3,7.2,1
21,74575.0,97,20,183.09,1.1,0.74,3,19,7.5,0
20,80052.0,282,39,355.0,53.4,0.28,14,18,0.7,1
38,104539.0,150,11,197.76,12.6,0.51,6,12,7.7,1
57,58322.0,249,21,366.57,25.5,0.34,10,15,4.4,1
20,111582.0,339,4,31.19,4.0,0.37,1,9,1.7,1
38,63039.0,326,0,230.38,7.5,0.45,6,5,5.7,0
65,62024.0,318,27,134.59,6.8,0.14,1,3,5.3,1
66,63215.0,325,2,107.07,4.0,0.93,5,5,6.8,0
25,34879.0,210,31,188.53,7.3,0.86,5,1,4.1,0
59,69263.0,128,37,398.64,17.1,0.48,2,12,7.5,1
53,86567.0,15,11,125.44,8.2,0.18,5,3,1.1,1
46,53281.0,304,5,349.46,25.7,0.17,4,12,4.3,1
56,109772.0,185,35,109.16,4.9,0.09,10,8,2.9,1
51,70464.0,165,20,300.47,23.8,0.41,13,19,3.2,1
39,51824.0,307,25,141.29,8.8,0.83,4,15,6.8,0
48,64761.0,73,2,45.46,22.8,0.67,7,16,6.6,1
45,64510.0,218,1,356.95,3.6,0.72,8,14,2.8,0
52,98274.0,20,8,222.34,7.6,0.64,7,14,3.0,1
51,95105.0,235,37,381.37,6.1,0.89,11,1,3.2,1
30,69957.0,135,16,292.18,14.7,0.39,2,21,5.7,1
58,72680.0,179,20,104.08,12.5,0.72,6,11,3.0,1
21,104388.0,58,20,274.47,4.7,0.29,12,2,4.1,1
60,93389.0,9,34,303.83,4.8,0.66,2,16,0.9,1
23,73506.0,33,33,352.63,17.4,0.69,2,23,6.8,1
18,95731.0,214,2,313.53,17.6,0.38,4,13,8.0,1
29,56760.0,136,19,278.36,30.5,0.39,1,19,4.9,1
52,76487.0,50,21,110.07,4.9,0.06,3,11,6.2,1
28,80105.0,226,23,41.25,6.9,0.45,1,14,3.8,1
40,31880.0,304,28,112.97,1.8,0.4,12,11,7.0,0
31,89546.0,63,11,141.65,6.5,0.74,5,21,0.9,0
36,93434.0,125,34,205.61,2.7,0.85,10,5,2.9,1
54,77486.0,89,22,186.8,24.9,0.21,2,21,4.9,1
33,72971.0,353,13,139.4,10.0,0.43,6,23,2.7,1
61,32858.0,241,30,269.81,58.6,0.87,12,18,4.3,1
45,80158.0,209,38,111.24,25.6,0.75,6,12,4.9,1
62,84749.0,331,23,336.07,1.6,0.09,4,10,5.4,0
48,80735.0,83,39,348.45,18.6,0.63,12,22,7.8,1
24,93657.0,86,33,340.16,1.8,0.06,4,22,6.8,1
63,33017.0,265,38,61.88,18.4,0.51,10,20,5.9,1
69,118152.0,217,15,322.19,3.8,0.7,3,5,2.5,1
44,36531.0,149,0,311.79,0.6,0.51,12,24,1.4,0
34,35597.0,203,21,223.56,4.6,0.58,9,17,1.2,1
24,73051.0,20,13,264.31,7.6,0.83,7,16,5.5,1
32,67274.0,231,34,347.53,5.8,0.27,12,1,4.8,1
57,42337.0,6,13,43.8,2.4,0.54,2,12,2.9,1
29,64951.0,313,2,171.87,11.4,0.1,12,24,2.3,1
25,107546.0,325,5,122.94,2.7,0.3,11,22,5.5,1
19,96794.0,79,10,167.48,10.4,0.81,2,23,5.5,0
61,37949.0,224,36,44.76,13.8,0.66,5,0,4.6,0
55,42018.0,252,26,282.33,45.2,0.34,14,0,3.8,1
43,77390.0,179,28,377.75,1.1,0.1,10,6,1.8,1
68,78420.0,67,10,140.54,2.1,0.2,14,4,1.0,1
38,65991.0,131,1,364.87,13.8,0.22,9,4,4.1,1
67,59254.0,207,11,86.54,17.7,0.44,7,10,2.4,1
30,74273.0,176,23,79.99,3.8,0.29,13,2,6.2,1
36,64108.0,96,23,229.37,2.9,0.53,9,3,4.5,0
35,27798.0,328,32,130.45,17.5,0.17,5,4,0.9,1
19,30127.0,134,17,233.42,5.0,0.2,9,16,5.9,1
69,36118.0,5,39,176.32,10.8,0.87,8,17,5.6,1
62,84705.0,16,20,363.1,6.9,0.36,3,23,7.3,1
59,65799.0,238,21,76.17,5.5,0.38,5,0,2.1,0
66,37265.0,53,18,170.89,5.4,0.74,13,9,6.7,1
45,60305.0,273,1,314.74,44.7,0.85,5,10,7.5,1
67,98532.0,295,16,83.77,21.0,0.69,1,12,5.1,1
40,95527.0,88,39,229.88,2.7,0.36,6,5,6.0,1
21,31416.0,347,3,299.23,10.1,0.63,8,6,0.9,0
21,92149.0,281,9,221.01,11.3,0.09,6,23,1.4,1
29,55382.0,21,13,363.63,3.0,0.26,13,2,1.0,1
39,118148.0,110,13,191.41,25.0,0.94,14,19,6.3,1
43,39873.0,136,25,118.75,12.2,0.43,5,3,4.2,1
57,44405.0,174,10,141.47,43.4,0.27,6,13,0.6,1
59,70954.0,34,24,326.55,26.1,0.76,9,9,6.5,1
52,70394.0,291,30,338.22,17.1,0.55,11,6,4.0,1
21,31436.0,282,30,295.24,15.1,0.79,10,0,5.3,1
29,74792.0,356,30,76.11,8.4,0.93,5,21,2.2,0
21,103253.0,291,35,210.29,31.4,0.25,7,12,3.7,1
69,65216.0,271,24,313.39,3.5,0.37,1,3,3.1,1
48,80213.0,323,30,62.37,14.9,0.54,8,16,2.6,1
24,96467.0,164,22,203.49,61.5,0.56,4,12,8.0,1
27,62577.0,107,13,355.27,30.1,0.66,3,16,3.4,1
41,69254.0,10,16,72.36,4.6,0.76,13,7,3.1,0
32,100124.0,158,5,209.76,24.3,0.87,13,6,5.1,1
56,101462.0,125,4,86.04,12.5,0.52,14,17,2.8,1
37,40844.0,228,18,348.18,10.6,0.27,13,22,0.9,1
24,98161.0,217,37,88.72,1.0,0.69,4,1,2.0,1
30,69589.0,331,11,48.59,22.2,0.28,4,23,4.5,1
45,112915.0,248,34,100.6,12.6,0.5,7,22,4.0,1
56,56425.0,111,14,225.98,5.0,0.54,6,20,4.4,1
35,53969.0,76,35,355.31,10.9,0.6,13,16,5.7,1
64,71001.0,153,21,63.77,18.0,0.71,6,22,0.8,1
28,112866.0,56,12,398.75,2.5,0.45,11,0,6.2,1
53,38783.0,158,13,384.06,19.6,0.76,2,1,1.9,1
53,89615.0,259,5,63.2,16.2,0.45,12,0,6.1,1
19,101584.0,31,10,366.84,9.8,0.38,13,22,0.7,1
65,107392.0,128,29,395.4,18.7,0.33,7,18,5.7,1
63,33465.0,213,2,382.77,11.3,0.13,7,15,4.9,1
34,89176.0,46,8,170.18,9.9,0.69,9,19,7.4,1
23,83178.0,163,14,247.73,44.5,0.17,5,6,4.9,1
58,86945.0,93,6,64.74,10.2,0.09,5,13,2.5,1
63,30472.0,141,3,282.0,8.6,0.26,11,18,2.8,1
40,61653.0,286,31,105.96,7.6,0.25,10,23,4.1,1
64,94657.0,139,11,79.83,7.2,0.67,6,4,5.3,1
33,37906.0,267,24,133.74,10.1,0.78,4,20,7.2,1
58,78873.0,68,31,180.48,17.1,0.2,8,1,5.7,1
43,27200.0,242,14,152.38,1.0,0.48,1,13,7.9,0
63,26658.0,354,29,245.18,2.9,0.59,11,24,0.6,1
67,69912.0,69,26,50.3,56.3,0.71,3,23,4.0,1
18,105190.0,287,7,122.46,16.6,0.24,14,22,3.2,1
53,109274.0,92,26,176.77,15.0,0.18,6,19,1.8,1
47,53560.0,343,14,239.52,1.7,0.46,8,5,2.3,1
19,114183.0,3,5,190.06,3.1,0.9,3,7,2.2,0
37,80891.0,163,32,194.16,6.7,0.92,8,6,6.7,1
22,34378.0,341,20,190.84,1.5,0.24,3,14,4.9,1
48,34153.0,60,23,330.8,45.5,0.46,3,14,3.5,1
25,78733.0,341,22,98.43,1.9,0.36,14,7,4.4,1
47,96890.0,10,39,361.32,15.2,0.06,6,19,6.9,1
56,38215.0,251,13,153.35,11.2,0.48,6,10,4.4,0
19,60385.0,155,38,367.98,12.8,0.35,7,14,1.2,1
30,118901.0,357,23,78.53,2.0,0.65,6,14,5.3,0
21,110767.0,140,30,325.14,8.8,0.66,3,0,5.4,1
62,58343.0,343,2,40.59,15.5,0.53,10,13,5.2,1
69,71401.0,86,20,372.61,5.5,0.11,10,21,7.4,1
25,82568.0,87,19,388.75,1.4,0.8,9,14,2.1,1
56,25678.0,154,27,44.05,16.0,0.91,3,24,8.0,1
42,30954.0,99,36,326.07,8.8,0.76,4,17,1.0,0
24,87389.0,44,4,81.28,0.3,0.74,11,5,6.3,1
31,40116.0,38,15,278.11,1.2,0.83,9,23,5.1,1
46,111456.0,260,26,366.47,3.7,0.69,14,5,6.4,1
62,62534.0,206,22,365.23,51.2,0.4,9,11,3.2,1
38,69594.0,303,31,105.04,0.7,0.39,9,9,8.0,1
54,82918.0,8,29,65.2,8.0,0.24,1,22,1.4,1
66,103025.0,98,5,269.77,8.4,0.49,14,10,5.3,1
50,70707.0,8,6,277.34,18.4,0.83,4,7,7.7,1
58,48454.0,217,14,146.17,8.0,0.14,7,22,5.2,0
42,63223.0,347,17,395.04,7.1,0.14,13,11,4.6,0
63,44430.0,75,14,84.49,13.5,0.41,10,5,3.7,1
31,98210.0,315,2,96.97,4.0,0.35,1,6,5.6,0
26,36301.0,59,6,192.01,15.9,0.1,8,14,6.6,0
32,118525.0,17,33,244.69,2.1,0.22,4,7,3.7,1
24,49374.0,307,30,342.56,14.9,0.88,10,2,7.9,1
19,62624.0,57,0,377.31,1.5,0.93,9,15,3.9,1
48,85843.0,138,5,32.0,1.6,0.55,7,4,2.6,0
24,82471.0,290,29,361.1,0.7,0.42,6,8,5.0,1
58,111170.0,122,2,151.06,17.3,0.1,11,11,1.0,1
28,116048.0,143,13,66.83,24.6,0.82,14,4,2.0,1
30,77396.0,247,4,147.28,41.0,0.57,9,13,2.9,1
30,60614.0,342,22,360.56,12.4,0.09,14,23,6.4,1
43,83917.0,142,26,150.22,1.4,0.72,11,16,1.9,1
60,56449.0,153,3,151.08,2.8,0.08,9,5,5.1,0
67,34543.0,181,4,254.74,0.1,0.57,10,17,7.9,1
25,30195.0,273,11,276.98,11.8,0.86,5,19,6.1,1
31,111934.0,363,14,221.41,3.2,0.42,8,23,4.1,1
62,75906.0,322,32,395.12,23.1,0.38,4,16,6.6,1
19,44513.0,349,25,385.11,33.8,0.77,3,1,1.4,1
59,78855.0,85,6,326.22,2.1,0.85,5,11,4.9,0
32,115906.0,304,23,314.6,5.2,0.05,4,1,3.4,1
41,48587.0,125,19,80.5,25.4,0.4,8,11,7.3,1
51,83333.0,308,24,59.24,16.8,0.94,8,18,2.8,1
21,74407.0,352,19,388.51,3.5,0.35,3,9,5.7,1
35,30187.0,72,16,54.28,0.3,0.65,4,15,2.2,0
42,73386.0,356,26,327.21,15.9,0.54,8,19,6.1,1
64,25217.0,283,35,42.83,6.8,0.75,11,2,7.8,1
41,42661.0,57,34,91.96,28.8,0.19,6,17,4.0,1
23,98098.0,106,8,181.82,10.1,0.9,12,6,7.2,1
51,56768.0,189,28,388.88,9.9,0.58,1,16,3.1,1
68,51807.0,268,16,183.82,40.9,0.75,8,23,3.4,1
55,61960.0,326,6,76.77,4.2,0.64,4,24,1.4,0
20,79089.0,171,12,90.33,7.0,0.34,2,19,7.5,1
36,78613.0,152,17,273.75,48.1,0.09,9,23,4.4,1
64,42555.0,101,39,390.37,3.1,0.46,3,11,3.7,1
63,35073.0,57,33,48.37,27.7,0.88,6,6,1.0,1
53,95301.0,25,10,352.85,2.7,0.21,13,24,1.1,1
36,100959.0,276,13,222.42,7.5,0.78,6,6,2.7,1
45,102319.0,175,15,89.39,18.2,0.9,4,16,6.9,1
64,118677.0,173,18,239.78,6.7,0.09,8,19,7.6,1
27,98604.0,229,8,287.36,6.9,0.58,7,5,5.8,1
35,99220.0,134,28,254.42,17.6,0.36,6,8,7.0,1
21,108493.0,213,8,372.03,10.1,0.57,5,19,6.5,0
29,106973.0,97,1,265.93,6.4,0.69,1,1,7.8,0
44,63932.0,112,39,182.56,11.4,0.06,4,5,3.5,1
46,53880.0,209,6,135.39,21.0,0.07,1,10,6.7,1
29,118154.0,122,35,171.48,4.7,0.49,10,2,7.4,1
28,104885.0,113,20,121.98,2.5,0.19,12,14,6.6,1
21,99059.0,322,22,185.79,46.3,0.74,14,14,7.0,1
63,89175.0,117,35,158.95,12.9,0.53,6,2,0.5,1
41,98429.0,259,30,207.36,2.8,0.73,13,10,5.8,1
43,54449.0,218,27,49.15,5.6,0.77,11,2,3.7,0
45,95749.0,216,15,360.69,1.1,0.17,9,21,2.2,1
64,38414.0,12,24,342.3,6.6,0.07,2,17,7.0,1
21,78089.0,179,35,239.74,0.2,0.61,9,12,4.2,0
53,47732.0,73,8,366.68,59.3,0.78,5,18,0.6,1
32,97092.0,4,2,159.85,49.9,0.53,5,6,1.8,0
39,103222.0,133,9,331.0,8.8,0.89,4,19,1.5,1
66,35008.0,53,35,94.22,1.5,0.8,5,18,7.3,1
41,84561.0,69,8,389.27,3.5,0.34,9,13,5.9,1
41,67466.0,76,0,170.37,12.3,0.32,9,7,3.9,1
54,111709.0,173,0,245.98,12.9,0.62,12,16,3.1,0
22,97418.0,139,8,100.34,2.2,0.11,2,21,0.5,1
23,58078.0,348,26,245.19,9.0,0.33,6,22,2.6,1
66,110354.0,126,30,107.71,12.6,0.62,2,14,5.5,1
27,107205.0,27,2,348.4,1.6,0.61,5,0,5.8,1
20,105966.0,214,18,366.8,6.1,0.4,14,2,6.6,1
55,111222.0,259,32,79.73,14.6,0.95,11,24,3.7,1
51,60638.0,21,5,219.96,7.3,0.9,10,8,6.4,1
23,51553.0,139,25,299.25,1.2,0.17,11,13,7.1,1
27,90588.0,28,23,143.14,24.0,0.59,7,14,1.1,1
33,26233.0,81,19,179.98,1.2,0.51,6,18,1.0,0
46,27936.0,113,12,66.32,13.9,0.62,2,8,7.5,0
20,29972.0,128,17,149.83,2.3,0.22,7,14,2.5,0
28,35729.0,44,28,219.27,9.1,0.12,7,23,4.2,1
54,95999.0,68,28,306.04,6.0,0.87,3,10,0.6,1
21,109725.0,109,15,87.44,20.4,0.74,1,17,3.0,1
66,115873.0,152,3,324.61,1.7,0.9,13,15,4.0,1
21,115844.0,142,29,107.36,16.3,0.13,8,22,3.3,1
41,70417.0,120,10,313.88,3.5,0.59,8,10,0.9,0
45,112431.0,282,0,90.28,2.9,0.57,13,10,5.7,1
52,44439.0,203,27,295.57,16.2,0.27,3,22,6.1,1
55,90368.0,259,7,359.94,6.5,0.62,7,7,7.6,1
67,42534.0,139,9,91.87,65.7,0.24,13,10,4.4,1
41,79119.0,175,5,278.02,21.2,0.72,10,19,0.8,1
39,54226.0,6,38,223.68,7.6,0.14,6,6,1.5,1
43,106029.0,52,27,173.7,3.6,0.76,2,2,7.2,1
35,62812.0,33,37,289.48,7.2,0.09,4,5,7.1,0
20,54250.0,241,14,286.76,0.4,0.38,8,17,7.0,1
63,110444.0,145,25,151.75,19.6,0.12,4,7,2.2,1
28,59069.0,296,38,163.17,0.5,0.93,9,23,1.0,0
26,59528.0,146,4,313.6,1.2,0.29,3,19,1.7,0
50,101329.0,300,2,321.56,5.9,0.48,14,13,3.4,1
43,44207.0,111,39,397.44,3.4,0.15,4,20,5.7,1
53,113289.0,260,12,377.39,16.5,0.46,10,20,5.6,1
21,109034.0,356,17,375.0,5.0,0.63,1,10,5.7,1
69,58921.0,240,28,374.79,27.7,0.6,3,12,3.6,1
19,55571.0,231,23,336.97,24.5,0.47,6,2,2.8,1
25,37066.0,241,17,274.58,13.7,0.71,6,13,5.5,1
24,103643.0,57,16,74.3,7.4,0.45,8,3,7.7,1
53,52102.0,335,39,133.92,6.3,0.35,7,11,5.6,1
51,99286.0,346,31,372.47,11.1,0.86,3,8,5.1,1
57,51006.0,192,35,389.55,5.9,0.47,3,1,4.4,1
36,73272.0,284,5,303.18,20.8,0.08,7,18,6.4,1
46,107312.0,350,21,48.06,14.8,0.52,6,1,6.3,1
56,107903.0,174,15,345.4,24.1,0.11,13,21,4.7,1
23,110085.0,348,36,89.7,0.2,0.87,12,8,1.2,1
27,60024.0,188,9,303.33,4.4,0.34,4,18,4.1,1
58,107786.0,98,27,144.89,0.3,0.23,13,24,5.7,1
59,81121.0,10,7,87.02,36.7,0.33,13,16,0.8,1
22,98156.0,231,26,86.4,27.9,0.91,10,12,3.5,1
41,56848.0,49,36,71.96,5.7,0.38,2,17,1.2,0
58,37749.0,335,24,399.32,10.3,0.17,3,4,1.4,1
39,84756.0,172,26,219.13,23.7,0.38,13,18,6.6,1
43,45750.0,222,17,179.66,9.0,0.09,3,4,5.7,1
68,101645.0,284,2,102.79,8.5,0.65,6,22,5.5,1
54,68164.0,167,33,181.3,35.5,0.36,9,11,7.7,1
62,105301.0,282,12,350.94,1.4,0.3,12,21,5.1,1
46,27124.0,364,30,84.57,45.6,0.23,9,18,6.9,1
53,28468.0,129,13,213.89,10.3,0.31,10,7,3.3,0
37,28688.0,86,34,225.98,29.5,0.31,14,9,1.8,1
35,95416.0,87,28,343.45,43.0,0.5,2,15,5.3,1
57,94618.0,66,14,120.91,25.6,0.12,6,9,6.5,1
62,88012.0,140,29,126.97,20.0,0.2,2,19,1.6,0
58,113190.0,186,12,181.12,15.8,0.68,12,9,2.7,1
32,104569.0,146,11,28.68,22.9,0.67,2,8,3.0,0
32,94244.0,59,21,60.03,4.5,0.45,13,4,6.8,1
41,81766.0,7,5,286.1,1.6,0.55,12,6,0.7,1
46,87002.0,170,6,237.97,0.5,0.9,13,4,6.3,1
34,92478.0,194,29,50.32,8.6,0.21,9,14,2.6,1
66,87079.0,355,31,185.9,2.6,0.73,11,22,2.3,1
64,70915.0,77,37,182.95,20.9,0.69,11,15,4.5,1
42,66836.0,324,0,373.07,4.0,0.14,13,16,2.8,1
33,98984.0,151,35,265.54,6.0,0.77,2,5,6.3,1
67,25304.0,115,26,298.37,3.7,0.66,4,19,6.3,0
34,35330.0,146,38,139.14,2.7,0.79,5,2,3.2,0
64,76945.0,149,11,111.09,25.3,0.1,12,19,6.1,1
64,70448.0,359,38,389.15,8.4,0.57,11,9,2.6,1
38,36890.0,125,5,137.59,10.1,0.43,8,13,4.0,1
61,114185.0,142,38,392.92,11.0,0.84,3,0,6.7,1
65,98578.0,333,23,76.21,12.2,0.58,11,14,2.8,1
44,58411.0,306,3,317.88,8.7,0.43,7,23,1.5,1
22,97353.0,340,3,249.27,1.1,0.94,2,20,1.6,0
39,87361.0,205,39,358.3,5.8,0.32,5,17,1.7,1
50,78380.0,264,3,140.57,1.2,0.81,2,10,3.6,0
57,81696.0,70,16,71.09,34.9,0.74,11,3,4.5,1
19,41553.0,24,21,392.16,28.8,0.33,3,4,6.1,1
52,104949.0,242,26,177.39,6.5,0.62,8,5,1.5,1
60,112379.0,280,8,200.0,14.6,0.92,9,16,7.2,1
36,40779.0,276,24,221.37,4.9,0.46,14,20,7.4,1
57,96674.0,141,35,223.38,9.3,0.87,13,9,6.2,1
44,117960.0,118,37,184.0,3.4,0.21,8,16,2.8,1
57,118839.0,354,37,370.27,15.2,0.26,3,17,2.3,1
53,99848.0,328,28,80.92,1.1,0.65,13,5,2.9,1
56,65824.0,186,3,267.89,16.0,0.76,3,20,6.1,1
19,36827.0,162,17,200.14,2.2,0.19,9,21,4.1,1
58,48112.0,303,14,309.45,4.8,0.95,8,9,6.9,0
35,36603.0,5,26,329.19,5.8,0.54,13,8,1.1,1
63,108934.0,155,34,146.47,5.7,0.71,4,3,7.3,1
40,77687.0,106,10,313.0,5.8,0.75,13,16,3.2,0
43,77499.0,159,35,153.75,12.9,0.94,13,22,5.1,1
28,61081.0,142,7,159.59,7.4,0.33,1,19,1.9,1
65,27797.0,95,27,380.38,6.5,0.34,10,14,0.8,1
18,88429.0,119,37,85.02,26.8,0.12,12,4,2.1,1
53,40286.0,216,0,326.71,30.3,0.82,11,22,3.6,0
67,74264.0,355,27,371.15,11.2,0.33,6,21,0.6,1
37,77528.0,252,4,51.48,9.9,0.13,5,6,7.9,1
48,90593.0,20,12,330.31,12.1,0.22,3,6,1.9,1
25,51371.0,102,4,209.89,20.9,0.29,1,24,7.0,0
57,65172.0,283,17,48.88,19.4,0.5,1,8,5.9,1
41,78332.0,1,32,393.2,18.6,0.72,4,15,6.2,1
37,58563.0,59,1,343.6,7.3,0.34,11,9,5.0,1
32,59477.0,123,22,101.32,38.6,0.46,1,22,7.1,1
47,40092.0,356,2,379.84,1.6,0.64,5,2,5.2,0
37,45988.0,351,16,202.95,1.1,0.42,11,22,2.3,0
55,58927.0,340,29,43.8,1.5,0.84,2,4,0.9,0
19,34887.0,241,30,240.13,4.3,0.87,12,8,7.6,1
23,109727.0,259,8,130.56,15.1,0.18,2,14,5.2,1
59,66569.0,144,9,156.36,8.5,0.78,11,13,1.8,0
35,96472.0,303,8,154.01,4.4,0.68,9,9,0.6,0
53,69036.0,66,29,205.46,0.1,0.47,2,17,2.9,1
31,48338.0,37,19,255.16,14.4,0.39,4,0,4.7,1
43,65433.0,213,5,180.56,37.5,0.13,7,2,2.8,1
51,112624.0,317,37,45.4,0.7,0.29,4,19,4.1,0
47,119874.0,140,31,311.58,1.8,0.86,2,18,0.7,1
24,82068.0,348,20,204.62,3.8,0.6,11,6,4.6,1
47,86133.0,251,25,184.44,9.0,0.84,8,16,4.6,0
35,107364.0,189,19,303.38,5.7,0.23,9,4,6.2,1
39,112393.0,208,34,181.95,11.8,0.31,14,24,7.1,1
34,62963.0,12,11,115.04,6.0,0.41,11,19,2.5,1
48,51382.0,213,35,47.71,56.0,0.87,8,12,7.8,1
34,93069.0,237,30,233.47,17.8,0.48,7,4,1.8,1
48,86261.0,150,2,110.48,58.4,0.38,3,11,4.1,1
30,72075.0,12,7,197.1,3.2,0.94,4,20,6.4,1
44,103654.0,204,19,33.74,16.4,0.51,2,19,7.1,1
37,108512.0,112,18,84.7,3.4,0.75,12,16,1.3,1
34,92203.0,306,5,169.44,7.0,0.14,13,8,0.8,1
46,51879.0,151,2,294.39,1.3,0.42,2,18,7.4,1
56,83510.0,252,30,330.44,3.6,0.32,10,20,5.4,1
52,67252.0,234,29,156.76,1.3,0.33,5,3,6.8,1
25,118966.0,137,8,395.45,7.2,0.18,1,12,6.1,0
60,93702.0,213,29,283.4,40.9,0.57,10,12,5.9,1
55,106413.0,17,3,370.95,13.9,0.91,13,23,3.7,1
32,68845.0,2,17,29.87,11.2,0.38,14,17,5.8,1
67,36259.0,293,18,94.64,1.8,0.72,1,15,1.4,0
18,46281.0,189,13,104.33,0.6,0.23,14,16,3.4,1
50,99099.0,331,37,394.21,68.7,0.56,6,24,6.0,1
20,100265.0,197,1,135.27,9.4,0.63,13,23,3.7,1
56,79084.0,162,10,350.52,7.9,0.74,2,16,7.9,1
55,58378.0,242,28,373.61,27.9,0.65,1,15,7.4,1
65,77959.0,250,36,243.13,0.6,0.31,12,9,2.6,1
32,40744.0,96,27,166.62,2.5,0.43,7,0,7.1,1
59,92362.0,77,20,320.34,17.4,0.36,2,5,6.7,1
35,43103.0,279,24,198.47,4.2,0.59,9,20,4.0,0
55,54105.0,131,12,138.73,2.6,0.08,10,23,3.7,1
48,57402.0,341,19,378.6,18.5,0.37,14,2,2.3,1
37,25403.0,202,38,57.7,34.7,0.58,8,23,5.0,1
24,65118.0,131,33,74.03,5.5,0.27,2,7,4.9,1
54,103859.0,79,38,170.3,5.8,0.91,9,17,3.0,1
44,41508.0,63,7,140.55,13.6,0.56,7,4,5.2,1
25,61973.0,330,18,263.61,4.1,0.35,4,18,5.5,1
31,100656.0,303,4,68.95,11.2,0.55,11,20,4.3,1
67,75588.0,16,38,276.96,9.2,0.34,2,14,7.1,1
32,66192.0,212,23,230.17,8.4,0.89,13,9,6.4,1
24,68764.0,158,30,129.2,18.1,0.62,13,5,1.0,1
50,106199.0,269,21,26.72,9.4,0.18,2,15,4.0,1
69,32123.0,196,38,365.8,5.0,0.54,9,8,2.1,1
51,67890.0,135,35,257.09,9.3,0.29,10,5,4.6,1
21,95711.0,50,19,344.27,23.8,0.42,7,12,2.1,1
18,84338.0,213,37,223.68,17.8,0.36,14,3,7.2,1
58,33267.0,30,14,199.21,24.7,0.11,14,14,0.9,1
31,95480.0,39,0,268.46,2.7,0.73,5,9,6.7,1
48,75072.0,126,0,77.88,37.4,0.17,12,16,3.6,0
55,81415.0,319,3,255.45,1.1,0.44,10,12,5.0,0
67,78646.0,155,29,208.45,4.5,0.32,12,6,2.5,0
37,109895.0,346,16,43.66,20.4,0.73,11,19,5.0,1
20,48880.0,339,6,273.71,10.4,0.36,1,20,1.9,0
52,55766.0,14,26,201.34,12.0,0.92,7,8,6.6,0
63,88557.0,40,22,128.45,30.8,0.93,11,9,5.0,1
50,100409.0,314,29,88.3,4.9,0.54,1,2,5.4,1
32,37836.0,31,0,362.83,10.5,0.67,3,12,2.5,0
20,60205.0,135,25,29.75,5.1,0.61,2,9,1.8,0
45,89107.0,255,17,297.95,27.9,0.66,12,3,0.8,1
44,84794.0,97,28,383.61,6.4,0.89,2,6,1.8,1
64,88157.0,73,18,56.49,8.4,0.39,2,5,3.2,0
64,45108.0,322,8,215.62,24.9,0.5,12,4,7.3,1
50,114584.0,124,8,181.29,18.6,0.14,13,6,6.4,1
36,106754.0,126,19,132.2,0.3,0.33,14,20,2.2,1
50,91789.0,69,9,270.71,1.0,0.19,9,14,0.7,1
48,68085.0,214,27,64.16,1.2,0.9,7,4,2.3,1
21,76012.0,354,22,329.06,10.4,0.92,1,5,7.3,1
49,78549.0,208,17,256.81,4.2,0.08,5,20,2.9,1
59,47381.0,206,8,394.49,1.5,0.68,2,10,4.7,0
45,77292.0,6,18,142.84,10.8,0.37,10,1,4.1,1
33,104417.0,243,25,268.59,5.1,0.65,7,18,4.5,1
66,93567.0,101,32,396.53,18.3,0.28,11,24,7.2,1
60,37940.0,297,4,224.78,14.2,0.18,8,11,2.9,0
45,60528.0,191,5,284.34,10.2,0.2,10,24,4.7,1
32,49817.0,258,3,174.69,9.2,0.22,12,1,4.1,1
65,56905.0,59,24,68.99,10.4,0.74,9,4,5.3,0
39,101158.0,37,12,342.23,1.4,0.66,13,23,6.4,1
48,116624.0,300,27,328.02,4.8,0.36,5,23,2.6,1
38,30187.0,298,6,300.63,0.5,0.57,6,5,3.7,0
49,68672.0,253,3,196.15,1.8,0.8,9,6,1.8,0
24,50423.0,211,4,68.06,1.6,0.47,13,15,0.7,0
50,76221.0,107,11,195.6,5.9,0.85,14,9,3.1,1
25,96489.0,172,16,384.18,11.1,0.35,10,10,2.8,1
31,112831.0,209,39,283.08,1.7,0.9,7,17,7.7,1
42,55373.0,321,37,34.81,19.6,0.26,14,18,7.2,1
49,108550.0,320,26,139.31,25.5,0.24,4,17,2.3,1
45,41194.0,4,23,202.03,31.0,0.87,7,2,1.3,1
19,78148.0,251,36,346.32,7.4,0.47,2,22,7.7,1
34,62495.0,165,11,105.91,25.2,0.87,10,21,3.7,1
44,105098.0,286,18,37.79,28.3,0.17,1,21,1.9,1
19,116583.0,174,15,271.83,6.7,0.71,3,15,6.8,1
25,29016.0,158,37,324.92,56.2,0.18,5,1,6.8,1
55,26347.0,186,22,187.78,0.9,0.28,11,20,4.7,1
37,67236.0,157,33,260.16,2.9,0.69,5,6,1.3,1
66,57433.0,323,33,261.48,9.7,0.58,4,14,7.9,1
54,89466.0,306,10,322.86,0.1,0.22,8,10,0.5,0
38,85119.0,331,13,145.07,4.9,0.73,12,6,6.6,1
43,104445.0,359,24,104.13,12.5,0.06,7,7,3.4,0
48,43414.0,250,3,193.72,44.6,0.23,6,10,7.7,1
37,57033.0,78,36,383.04,21.5,0.82,14,5,7.7,1
23,73866.0,362,17,68.35,30.8,0.81,6,23,6.3,1
67,38926.0,155,10,220.21,0.5,0.43,6,24,2.7,1
32,50862.0,344,31,394.56,0.9,0.08,4,10,0.7,0
18,58334.0,187,9,214.61,19.5,0.82,7,11,7.9,0
43,101098.0,19,16,379.8,10.1,0.06,11,24,7.3,1
46,47091.0,226,13,329.2,6.1,0.48,1,15,4.0,1
19,83089.0,18,16,380.54,12.3,0.7,2,11,6.5,1
39,104800.0,351,5,199.3,2.1,0.35,4,12,3.7,1
46,107525.0,271,3,148.75,3.1,0.88,12,21,4.4,0
26,80642.0,303,0,197.68,46.6,0.46,7,9,4.3,1
58,32553.0,154,35,213.77,15.0,0.27,14,7,1.8,1
38,119093.0,297,28,97.69,46.1,0.61,4,7,4.0,1
49,89064.0,122,36,246.24,23.4,0.2,2,18,4.0,1
49,86255.0,81,30,336.0,6.0,0.84,12,10,7.3,1
64,60941.0,141,8,348.14,34.2,0.54,2,23,5.6,1
61,74380.0,146,25,345.26,1.8,0.82,3,15,5.2,1
57,100164.0,204,15,292.69,2.9,0.71,10,20,5.6,1
43,28622.0,342,39,101.4,0.8,0.61,12,5,5.0,0
65,75190.0,37,30,56.42,6.6,0.07,12,24,2.1,1
30,27669.0,45,26,270.61,13.8,0.94,13,9,1.4,1
20,67010.0,141,21,138.66,5.1,0.4,2,2,7.4,0
49,119439.0,55,9,226.66,12.5,0.47,4,23,6.3,1
50,57239.0,100,22,87.45,8.5,0.44,14,6,2.3,1
50,103307.0,345,4,66.96,24.7,0.16,10,24,6.1,1
59,39566.0,56,36,369.6,4.4,0.18,14,7,1.8,1
59,116832.0,275,9,271.39,25.0,0.64,12,1,6.0,1
30,78970.0,334,12,285.46,12.0,0.34,14,1,3.4,1
60,55435.0,130,32,32.66,13.2,0.39,12,17,0.6,1
23,40891.0,133,36,159.41,2.6,0.15,1,22,1.0,1
21,34559.0,263,5,233.82,2.3,0.11,6,19,4.0,0
55,100733.0,155,34,50.85,3.9,0.48,5,8,0.7,1
23,30480.0,159,33,86.97,27.4,0.52,9,9,3.5,1
68,54177.0,208,19,298.83,20.6,0.23,12,23,2.8,1
20,78606.0,256,1,139.17,19.2,0.64,1,3,1.3,0
44,96942.0,185,23,93.48,0.3,0.87,7,9,3.9,0
57,93851.0,110,17,43.21,16.5,0.53,10,10,1.4,1
37,25591.0,97,9,51.28,4.5,0.52,5,8,1.9,0
35,114227.0,162,31,157.05,56.7,0.05,10,12,7.5,1
37,36172.0,134,11,29.87,2.0,0.46,12,18,3.8,0
47,116303.0,3,1,285.19,9.6,0.89,1,24,5.6,1
27,32982.0,11,4,395.71,16.6,0.07,5,1,7.7,1
69,44889.0,277,31,57.53,19.8,0.29,7,1,1.5,0
40,89364.0,231,26,278.98,28.7,0.3,7,13,3.2,1
64,81586.0,362,13,139.65,7.1,0.79,4,4,6.8,0
20,58624.0,62,10,212.88,9.9,0.36,8,10,1.3,1
69,67496.0,24,27,197.33,5.4,0.25,7,6,5.3,1
67,115451.0,175,31,366.35,3.1,0.12,8,14,6.7,1
26,82332.0,66,18,226.15,48.8,0.06,4,11,1.3,1
66,75525.0,55,12,46.57,0.7,0.5,12,16,6.9,0
36,105543.0,292,16,75.09,3.8,0.75,5,22,6.0,1
53,91195.0,316,28,116.07,5.7,0.86,5,11,4.3,1
57,75259.0,283,18,119.74,2.7,0.41,5,1,7.7,1
44,67988.0,7,24,97.07,3.6,0.32,2,22,4.3,1
59,105268.0,1,16,290.6,1.5,0.21,1,18,6.1,1
45,46461.0,168,13,276.05,7.7,0.26,4,20,7.6,1
