Cus_ID,Sex,Age,Income,Rating
301219,M,37,581052,96
301220,F,25,288994,36
301221,F,38,492702,34
301222,M,36,734878,46
301223,F,31,318271,44
301224,M,60,1826710,64
301225,F,23,254669,53
301226,M,25,511166,85
301227,F,31,722308,31
301228,F,48,2453041,63
301229,M,27,542275,90
301230,M,28,319479,35
301231,F,25,695291,77
301232,F,38,615434,40
301233,M,41,1139031,50
301234,F,27,296061,35
301235,F,38,538955,74
301236,M,26,591721,89
301237,F,38,806385,52
301238,M,25,319886,70
301239,M,31,761917,52
301240,F,33,907698,17
301241,F,29,625320,84
301242,F,52,1214450,37
301243,F,38,1291471,58
301244,F,36,736653,25
301245,F,35,570247,89
301246,F,23,319230,80
301247,M,48,1325837,63
301248,M,25,562278,76
301249,M,23,283068,18
301250,M,19,281185,36
301251,F,24,623680,81
301252,M,28,323449,28
301253,F,32,681017,83
301254,F,27,315991,66
301255,F,40,1985008,58
301256,M,27,286605,54
301257,M,32,614846,6
301258,F,53,1370483,66
301259,M,23,578689,88
301260,M,26,555574,88
301261,M,53,1570958,66
301262,M,24,589294,89
301263,F,27,282910,72
301264,F,26,328449,51
301265,F,51,1565756,51
301266,F,24,767453,90
301267,F,34,666074,30
301268,F,37,843321,24
301269,M,27,506275,87
301270,M,41,1625631,70
301271,M,26,311565,44
301272,M,42,1365070,52
301273,M,54,853737,44
301274,F,37,811459,11
301275,F,22,325252,69
301276,F,25,306510,41
301277,F,31,743030,49
301278,M,26,460433,89
301279,M,29,718533,33
301280,F,25,634781,83
301281,M,53,1627760,50
301282,F,36,1433229,49
301283,M,44,823215,60
301284,F,40,1568784,37
301285,F,34,716019,28
301286,F,26,242116,44
301287,F,27,621020,81
301288,M,28,832405,73
301289,M,26,260110,48
301290,F,46,1290913,56
301291,M,34,627324,74
301292,F,39,1343814,58
301293,F,46,973268,45
301294,M,33,622052,29
301295,F,34,588262,44
301296,M,32,738338,17
301297,F,29,674195,80
301298,F,49,1816321,68
301299,F,25,232507,38
301300,M,32,659292,24
301301,M,22,638411,96
301302,F,33,671564,51
301303,M,53,2239130,71
301304,F,34,669133,32
301305,M,39,670681,43
301306,F,28,287213,61
301307,M,47,1639740,75
301308,F,47,1443199,52
301309,M,28,725868,98
301310,M,55,807731,50
301311,F,26,306342,32
301312,M,36,666851,31
301313,F,22,331734,42
301314,F,39,694322,16
301315,M,50,1608948,71
301316,F,43,2099350,68
301317,F,24,576626,93
301318,F,47,1430331,58
301319,M,58,2167155,50
301320,F,29,793555,33
301321,M,36,654132,39
301322,M,22,300500,63
301323,F,46,1734904,70
301324,M,36,511007,85
301325,F,27,604252,92
301326,F,29,592217,93
301327,M,35,810599,46
301328,F,28,738296,91
301329,F,47,2321074,70
301330,M,24,248973,35
301331,F,28,662187,78
301332,F,26,325024,40
301333,F,54,1401695,72
301334,F,33,628141,80
301335,M,27,317861,94
301336,M,53,1330091,38
301337,M,27,637723,91
301338,F,24,579842,69
301339,F,46,1058504,59
301340,M,40,893723,27
301341,F,48,2000690,65
301342,F,28,618574,97
301343,F,23,285478,60
301344,F,42,585806,37
301345,F,24,359798,45
301346,M,24,305697,63
301347,F,34,709152,30
301348,M,25,600007,77
301349,F,24,327619,55
301350,M,26,286051,53
301351,F,29,630868,90
301352,F,44,1655081,49
301353,F,22,394667,88
301354,F,34,686886,51
301355,M,28,334319,74
301356,M,51,1492975,67
301357,M,26,296811,54
301358,F,25,263781,52
301359,F,47,1746103,37
301360,F,27,604197,87
301361,F,21,274445,47
301362,F,22,281506,50
301363,M,32,541043,36
301364,M,24,273523,29
301365,F,47,1813938,59
301366,F,37,766559,26
301367,F,25,292348,46
301368,M,38,806722,13
301369,M,65,1750034,61
301370,F,40,603791,55
301371,M,53,1363064,60
301372,F,35,807624,64
301373,F,48,1308359,62
301374,F,25,281224,55
301375,M,58,1668075,68
301376,M,32,580946,93
301377,F,29,731391,16
301378,M,40,745397,33
301379,M,23,569908,94
301380,M,51,1692827,67
301381,F,26,287626,36
301382,F,30,612434,85
301383,F,34,808529,15
301384,M,35,734771,23
301385,F,37,706938,1
301386,M,28,232685,57
301387,F,53,1316464,44
301388,F,23,284730,47
301389,F,22,338731,24
301390,F,29,570540,97
301391,F,29,700634,38
301392,M,25,265367,63
301393,M,37,959767,54
301394,M,27,241714,45
301395,M,42,817739,48
301396,F,38,895101,26
301397,M,53,1834323,51
301398,M,30,697414,41
301399,F,59,474102,50
301400,F,28,758078,40
301401,M,27,326615,56
301402,M,27,490008,97
301403,M,26,616663,31
301404,M,28,247092,41
301405,F,31,521051,83
301406,F,23,614121,71
301407,M,29,263222,53
301408,M,20,580378,85
301409,F,36,671375,38
301410,M,33,636354,78
301411,M,45,1467365,58
301412,F,28,612205,87
301413,M,21,717719,86
301414,M,27,252166,28
301415,F,55,1152381,51
301416,M,19,621097,80
301417,F,33,682959,43
301418,M,27,733307,28
