age,income,buys_house
24,199645,0
54,159932,0
49,77675,0
39,194928,1
39,109875,0
58,110133,0
23,98065,0
51,45901,0
29,188187,0
24,22508,1
43,51370,1
63,61338,1
53,70273,1
54,43727,0
52,23233,1
55,141978,1
43,194475,1
25,41929,0
57,73376,1
40,111139,0
42,186950,1
36,144967,1
28,157913,0
61,124600,1
55,95066,1
48,55959,0
38,175576,1
57,164742,0
44,24518,1
39,148773,0
40,35189,0
30,153017,1
24,168671,0
44,43590,0
59,98090,1
22,42275,0
58,122110,1
57,186961,1
32,34556,0
48,91564,1
27,195161,1
54,74170,1
51,43799,0
35,107945,1
23,111507,0
63,139315,1
40,76472,0
60,192012,1
50,113784,1
55,71560,1
54,192851,1
28,186465,1
36,109849,1
41,24474,1
42,127448,1
21,119935,0
44,46677,0
26,134115,0
53,171342,1
50,39061,1
61,150198,1
53,45261,1
36,154788,0
63,95440,1
38,21171,1
34,193921,1
60,49874,1
36,127287,0
23,52664,0
41,187944,1
55,152898,1
28,164784,0
40,97774,1
25,104128,0
50,134174,1
41,161257,1
34,172456,1
30,23210,1
45,139441,1
50,39645,1
62,71827,1
39,169297,1
27,65092,0
57,163427,1
48,103341,1
51,61875,1
24,80163,0
34,115538,1
54,157726,1
57,129082,1
39,187980,1
56,176193,1
57,155603,1
37,128559,1
60,72174,0
32,94262,1
30,41400,1
50,87353,1
48,186765,1
26,96658,0
57,40471,0
28,137347,1
56,193270,0
20,176148,0
55,69333,1
55,101701,1
55,115582,1
49,64611,0
41,68364,1
51,62599,1
32,199024,1
55,154282,0
45,171354,1
40,166982,1
42,192645,1
45,38950,1
21,178693,0
26,31980,0
31,105575,1
25,126998,1
39,84414,0
50,46311,1
49,54614,1
41,168439,1
58,77370,1
45,75860,1
23,186205,1
54,45896,0
45,184748,1
48,185774,1
45,127740,1
44,49795,0
24,48054,0
45,71249,1
55,123934,1
33,47650,1
47,102018,1
21,40788,0
35,117251,1
39,23806,0
64,147626,0
29,29971,0
32,55067,0
38,51435,0
64,169578,1
58,29608,1
21,97266,0
30,126405,1
56,112879,1
22,142528,0
58,164558,1
32,90853,1
61,169079,1
33,77238,0
39,197196,1
49,110814,1
25,152482,0
45,177500,1
42,162677,1
55,173203,1
64,116572,1
49,27825,1
38,108755,0
38,52669,1
38,180040,1
56,62614,1
34,61052,0
27,64889,0
35,135661,1
21,122821,0
24,190791,0
24,94927,1
54,70810,1
52,28865,0
51,21273,0
40,87250,1
52,186647,0
27,114275,0
60,180838,0
42,38300,1
62,36797,1
26,170022,0
42,39213,1
51,29353,1
42,92736,0
40,186471,1
27,144089,0
37,37840,1
30,170683,1
33,171843,1
50,164125,0
48,182477,1
47,63178,1
36,196322,1
63,77725,1
23,164364,0
35,124285,1
25,160305,0
35,133007,0
63,135646,1
36,130931,1
60,160219,1
42,153027,0
51,44219,0
40,168689,0
31,116492,1
54,78155,0
63,112560,1
31,194057,1
55,174362,1
31,170065,1
52,103303,1
55,161144,0
40,89316,0
53,143509,1
32,135121,1
23,64963,0
24,67963,0
40,31003,1
60,45158,1
25,98051,1
40,106017,1
51,49721,0
29,95040,0
52,128751,0
33,61862,1
56,80882,1
46,86152,1
44,110909,1
27,85950,1
40,152650,0
58,78949,0
20,98101,0
54,88303,1
42,52924,1
52,143433,1
49,62380,1
39,73437,0
33,162695,1
48,190794,0
26,140751,0
46,184942,0
24,173754,0
49,106563,1
48,158652,1
23,79105,1
54,102889,1
38,116378,1
55,192888,1
21,172740,0
28,108065,0
42,137465,0
28,56424,0
34,164790,1
49,119546,0
26,115890,0
50,157931,0
24,133925,0
27,33044,0
46,71868,1
55,51809,1
27,152280,1
33,26326,1
61,56432,1
64,127540,1
46,145063,1
40,110594,0
35,174929,0
47,185409,1
46,43778,1
33,191451,1
21,130588,0
26,134519,1
63,37117,0
38,131936,1
41,150628,1
41,124542,0
55,35208,1
22,114180,0
23,188469,0
32,150214,1
41,44733,1
50,192788,1
42,192598,1
39,50491,1
62,164159,1
27,93209,0
45,126862,0
44,100133,1
41,160872,1
56,199398,1
32,163120,0
62,187646,1
34,190284,1
44,36218,0
43,65609,1
58,149934,1
39,126213,1
32,29026,1
20,37108,0
36,113698,1
57,130909,1
20,50189,0
60,50832,0
44,43281,1
26,121691,0
33,21413,0
44,123037,1
34,105667,1
24,103877,0
49,142269,0
50,114073,1
25,150994,1
32,157506,0
30,185621,1
49,163864,1
52,113187,1
52,108587,1
62,62427,1
54,127926,0
34,45044,1
24,187622,0
47,172107,1
61,41552,0
63,161472,1
30,41078,1
30,149820,1
21,35787,0
26,107874,0
44,138415,1
44,151185,1
36,95349,1
33,185892,1
57,159377,1
40,57487,1
56,140821,1
63,151496,1
34,80054,1
29,152881,0
62,181705,1
48,167080,1
33,157255,1
47,134209,0
43,68696,1
60,163140,1
31,85554,1
64,115795,1
62,76599,1
28,76343,0
27,48370,0
43,193033,1
22,46601,0
33,35526,1
39,188502,1
63,119902,1
64,98822,1
26,152748,0
60,88997,0
24,43025,0
53,151343,1
58,51679,0
60,119538,1
30,190831,1
60,188505,1
25,84940,1
43,160454,1
41,130281,1
34,106286,1
20,45187,0
54,87744,1
35,137345,1
49,197593,1
38,20880,1
36,149196,0
59,172340,1
24,191215,1
53,96284,1
53,41326,1
37,68774,0
31,173096,0
20,178028,0
62,134673,0
62,42093,1
30,41945,1
21,106070,1
25,125886,0
23,25828,0
57,143497,1
60,118011,1
26,22214,0
53,37221,1
28,101777,0
36,150065,1
46,168571,1
52,97634,1
59,73164,1
22,194295,0
28,102538,0
32,76770,0
33,99616,1
